Unique Response ID,Representative Name,"On a scale from 0-10, how likely are you to recommend this representative to a friend or colleague? - Group","On a scale from 0-10, how likely are you to recommend this representative to a friend or colleague?",How satisfied are you with the resolution to your issue?,Was your issue resolved?,Rewards member ID,Case #
R_ai3e3xu7D5hqfo9,Victoria,Detractor,2,Neither satisfied nor dissatisfied,Yes,45628,10001
R_3Q22sNSx57siDWZ,Carter,Passive,8,Slightly dissatisfied,No,71223,10002
R_8iDPDudwPx4gk5f,Nora,Passive,7,Slightly dissatisfied,Yes,52180,10003
R_bO68iZI8wBV7mst,Willow,Detractor,3,Slightly dissatisfied,Yes,93084,10004
R_8IV5qiA5GFeCb53,Hudson,Detractor,2,Neither satisfied nor dissatisfied,Uncertain,83943,10005
R_3EEeeIWKRCQMutT,Carter,Detractor,2,Extremely satisfied,Uncertain,48771,10006
R_1H0Y3QlyalrUjo9,Luke,Detractor,5,Extremely satisfied,No,72465,10007
R_246ivxb0WqrXxXf,Thomas,Detractor,3,Slightly dissatisfied,No,32634,10008
R_6AxX481FsBRc8RL,John,Detractor,0,Neither satisfied nor dissatisfied,Uncertain,20012,10009
R_6hbw2i9k8kOf8jj,Luke,Detractor,5,Slightly satisfied,Uncertain,18793,10010
R_8JorLDTbETJtjFP,Lillian,Detractor,0,Extremely dissatisfied,No,48090,10011
R_eKzhMOwOAe0jR1X,Ezra,Detractor,3,Extremely dissatisfied,Uncertain,85701,10012
R_6u3HY3TG4F3jyNn,Hudson,Promoter,9,Neither satisfied nor dissatisfied,Yes,45779,10013
R_3xWPWdSujTS8ZBb,Jaxon,Detractor,2,Slightly satisfied,Uncertain,41711,10014
R_6lk9twgbqNsXksl,Riley,Promoter,9,Extremely dissatisfied,No,53044,10015
R_6qZmta7WTRdmli5,Grayson,Passive,7,Slightly satisfied,No,78107,10016
R_dgHTkcLB5eAUDAx,John,Detractor,6,Neither satisfied nor dissatisfied,Yes,27193,10017
R_87JvOTCBwQyvJpb,Violet,Detractor,4,Extremely dissatisfied,Yes,21259,10018
R_8GFOU8kTDBAfA8d,Jayden,Detractor,1,Extremely satisfied,No,72902,10019
R_e5UYyb9nU29ugwl,Ezra,Detractor,1,Extremely dissatisfied,No,20572,10020
R_exHO7r2IV6vn70x,Lucy,Detractor,5,Slightly dissatisfied,No,69703,10021
R_7QB83z3MKnJPSOF,Levi,Detractor,4,Neither satisfied nor dissatisfied,Uncertain,79064,10022
R_bw5nBrNUuOvrbLf,Asher,Detractor,5,Slightly satisfied,Uncertain,88662,10023
R_b9nXSw5v9NjvrYF,Natalie,Detractor,3,Slightly dissatisfied,Yes,54935,10024
R_3mkbG349wQQrw0d,John,Detractor,6,Slightly satisfied,Uncertain,31544,10025
R_cBiUEgmYXQowrAh,Levi,Promoter,9,Neither satisfied nor dissatisfied,No,55456,10026
R_0uNrJD8Bhyt9kaN,Ezra,Passive,8,Slightly dissatisfied,Uncertain,63891,10027
R_1XJ4Jvea27VEBqB,Aurora,Detractor,2,Slightly satisfied,Yes,94461,10028
R_3Ob8c5gdEEBpLhj,Zoey,Detractor,0,Neither satisfied nor dissatisfied,Uncertain,21150,10029
R_e9yrkRp1b6pKOTX,Aubrey,Detractor,6,Extremely satisfied,Yes,25537,10030
R_8hJuYkTXg6afI1v,Audrey,Detractor,4,Neither satisfied nor dissatisfied,Uncertain,55886,10031
R_9HRBxm12kXUKZlX,Madison,Detractor,0,Slightly satisfied,Uncertain,85465,10032
R_elJrNvZd4D55fF3,Wyatt,Detractor,1,Extremely dissatisfied,Uncertain,86152,10033
R_7VEzxeELjBATOoR,Ezra,Detractor,3,Slightly satisfied,Yes,79675,10034
R_6sexIfHRhKSAbHv,Julian,Detractor,1,Extremely dissatisfied,Yes,72065,10035
R_etyauSf1bhlXDUN,Wyatt,Detractor,4,Extremely dissatisfied,No,25608,10036
R_6txH7PB9HTvdHGR,Violet,Detractor,4,Neither satisfied nor dissatisfied,Yes,20385,10037
R_26nswxzVk31dcsR,Everly,Detractor,3,Neither satisfied nor dissatisfied,No,19298,10038
R_enZ1iadFEMZckId,Hudson,Detractor,3,Slightly dissatisfied,Uncertain,22310,10039
R_8lcFV2h3aK8Bjtb,Anthony,Promoter,9,Neither satisfied nor dissatisfied,Uncertain,85212,10040
R_0CZrVsdtEvSnTAp,Hazel,Promoter,10,Slightly dissatisfied,No,31138,10041
R_0cz68vV9uvHXO0R,Emilia,Promoter,9,Extremely satisfied,Uncertain,32880,10042
R_7ajXvM1kzcbqxud,Natalie,Passive,7,Slightly dissatisfied,Yes,40137,10043
R_b3nNd4ggoYhqqwd,Victoria,Detractor,2,Extremely satisfied,Uncertain,69683,10044
R_cU8KrNyvev9qkjH,Grace,Detractor,1,Neither satisfied nor dissatisfied,No,72674,10045
R_1MvHaQyKMpnNhkh,Nora,Detractor,1,Extremely satisfied,Uncertain,34461,10046
R_8v5ZpMAbf5Cshzn,Josiah,Detractor,0,Slightly satisfied,Yes,30810,10047
R_2h3QHJE1OSChRt3,Victoria,Detractor,0,Slightly satisfied,Uncertain,59726,10048
R_aaZgt7syXvJZujr,Riley,Detractor,6,Extremely satisfied,Uncertain,85242,10049
R_0HwcMDphLp3Chvf,Dylan,Detractor,5,Extremely satisfied,Yes,98945,10050
R_eJpKg2o87hTCFuJ,Audrey,Promoter,10,Slightly dissatisfied,Yes,37175,10051
R_aazt0mR0fA78Unj,Madison,Detractor,3,Neither satisfied nor dissatisfied,No,99182,10052
R_e2tyWhtBF42wGZD,Leah,Detractor,5,Slightly satisfied,Uncertain,46310,10053
R_08wvYOt7PWxNMvH,Aubrey,Detractor,3,Neither satisfied nor dissatisfied,No,57822,10054
R_1B3VaBKepvbF5pb,Bell,Detractor,1,Neither satisfied nor dissatisfied,Yes,61277,10055
R_8e79VzVz1rS3Vid,Addison,Detractor,1,Extremely satisfied,No,90266,10056
R_eFY7j3oFQCCc2BT,Lincoln,Detractor,5,Slightly dissatisfied,No,44702,10057
R_5nEXj48StvrwMSh,Christopher,Promoter,9,Neither satisfied nor dissatisfied,Uncertain,99620,10058
R_805muWNyjgSketT,Emilia,Detractor,2,Extremely satisfied,No,57965,10059
R_0PaoANI9CFoW7Gt,Carter,Detractor,0,Extremely dissatisfied,No,68303,10060
R_6m7qS85NFgtIPwV,Grayson,Promoter,9,Slightly satisfied,Uncertain,55017,10061
R_bwTbH4wXNkBC8eh,Aubrey,Promoter,9,Extremely satisfied,Yes,61030,10062
R_2os0K94brs5fcWx,Zoey,Promoter,10,Slightly dissatisfied,No,25449,10063
R_cGdEzuZVfqIkxyl,Madison,Passive,7,Slightly dissatisfied,No,72037,10064
R_6QjVqevWqwVWvSB,Lincoln,Detractor,0,Slightly satisfied,No,73448,10065
R_bfNZ1a6nGCHcUv3,Christopher,Detractor,3,Slightly dissatisfied,Yes,13506,10066
R_e3Y4f2yKObcB6O9,Lucy,Detractor,1,Extremely satisfied,Uncertain,97092,10067
R_1BNOYfPJ3aO7Rlz,Anthony,Detractor,4,Slightly satisfied,Uncertain,17104,10068
R_8BtYW212ftrMXA1,Eleanor,Detractor,6,Neither satisfied nor dissatisfied,No,29371,10069
R_9EW5L1fCyo5aSHP,Addison,Promoter,9,Extremely satisfied,No,87232,10070
R_4SH9sj8kcVwWSoZ,Nora,Passive,8,Extremely dissatisfied,Yes,32787,10071
R_1H8Jgx2GIC9Ln13,Josiah,Detractor,0,Slightly dissatisfied,Uncertain,62436,10072
R_3xeEvo5fpm0Vmqp,Zoe,Promoter,10,Slightly dissatisfied,Uncertain,67439,10073
R_7POywiUJwovIBhP,Hudson,Detractor,3,Slightly dissatisfied,Yes,77307,10074
R_doMF7vmZ5UZkKSV,Aurora,Detractor,4,Extremely dissatisfied,No,24169,10075
R_5yYISZLQiDVI8Fn,Leah,Detractor,2,Extremely dissatisfied,Yes,19335,10076
R_1HQaZ9RACRDuGAR,Thomas,Passive,8,Slightly satisfied,Yes,92007,10077
R_6ihtUuaqoaAaCYB,Zoe,Detractor,4,Slightly dissatisfied,Uncertain,48423,10078
R_emxJu94fQoNnEah,Aurora,Promoter,9,Extremely dissatisfied,No,57613,10079
R_247XARUPrdQFeFT,Eleanor,Detractor,4,Extremely satisfied,Uncertain,71955,10080
R_82hvMbr0HLuheHr,Andrew,Detractor,4,Neither satisfied nor dissatisfied,No,85142,10081
R_bkjtIWY2pdNy6SF,Grayson,Detractor,4,Extremely satisfied,Uncertain,65348,10082
R_79WDcIpIW1zZiND,Madison,Promoter,9,Slightly satisfied,No,16538,10083
R_5bzBNqVvDQ1i6aN,Eleanor,Passive,8,Slightly satisfied,Uncertain,69418,10084
R_56zWSgEegJsj2L3,Grace,Promoter,10,Slightly dissatisfied,No,18758,10085
R_5Bz4TD6mQAlzNPv,Andrew,Detractor,6,Extremely dissatisfied,Uncertain,91865,10086
R_b8fwrHJ66vfEb1X,Addison,Detractor,4,Slightly dissatisfied,No,31036,10087
R_0ji9lKixVfwrZZP,Anthony,Detractor,0,Extremely dissatisfied,Yes,17366,10088
R_cLLzW395F3zqEzr,Jayden,Passive,8,Extremely dissatisfied,No,29372,10089
R_3dFoE2yPEMZlR1X,Asher,Detractor,6,Extremely dissatisfied,Yes,48687,10090
R_8vIGw0qKvjYFIyN,Josiah,Passive,7,Extremely satisfied,No,35594,10091
R_eam5kSPf3IIpcJD,Leo,Promoter,9,Neither satisfied nor dissatisfied,No,62431,10092
R_7V3MFvoJZ2uvPjD,Josiah,Detractor,1,Neither satisfied nor dissatisfied,Uncertain,41009,10093
R_3Jk7RSmyzqy2Qvj,Willow,Detractor,0,Slightly dissatisfied,Yes,57413,10094
R_5ncpgwroqbanXNz,Natalie,Promoter,10,Neither satisfied nor dissatisfied,Uncertain,11470,10095
R_0iYXZBmeioRGNjn,Leah,Detractor,4,Slightly satisfied,Yes,41554,10096
R_bQlUnjs9piFD2Bv,Audrey,Passive,7,Slightly dissatisfied,Yes,54568,10097
R_6QKE1Qp9L97GqhL,Ellie,Detractor,5,Extremely satisfied,No,56110,10098
R_23tqUpUcuI8yhy5,Violet,Detractor,0,Slightly satisfied,No,18780,10099
R_cOzg567V22mnSfj,Asher,Detractor,4,Neither satisfied nor dissatisfied,Yes,98959,10100
R_8dnqIBiaw8ketrD,Hazel,Detractor,3,Neither satisfied nor dissatisfied,Yes,90729,10101
R_da0GclSNdSZjcY5,Zoe,Detractor,2,Extremely dissatisfied,No,68370,10102
R_6rufoxkLdmCCy9f,David,Detractor,1,Extremely dissatisfied,No,27994,10103
R_1YwWsXWSi4XB2GV,Audrey,Detractor,5,Slightly satisfied,No,49431,10104
R_cHiQh31Zi4LYeK9,Eleanor,Detractor,3,Neither satisfied nor dissatisfied,No,88503,10105
R_6MAO81LWNxd3mrX,Leo,Passive,7,Slightly satisfied,Yes,69443,10106
R_6tn0vGVsnIB6Qbr,Gabriel,Promoter,10,Slightly dissatisfied,Yes,42866,10107
R_9nvFuONrVgOVejb,Everly,Detractor,2,Neither satisfied nor dissatisfied,No,99801,10108
R_0eqVGQKrks7mcsZ,Addison,Passive,7,Neither satisfied nor dissatisfied,Yes,23603,10109
R_4Git4e3kwfvYsuh,Hudson,Detractor,4,Neither satisfied nor dissatisfied,Yes,57165,10110
R_b8EiQAZ32ijB8oZ,Everly,Detractor,6,Extremely satisfied,Uncertain,58900,10111
R_06ttP5jVs3wDefP,Zoe,Detractor,6,Slightly satisfied,Yes,73772,10112
R_79xMuZlbUczUwgB,Madison,Detractor,3,Extremely satisfied,Uncertain,94220,10113
R_dcdO6HowuDH0IsJ,Levi,Detractor,6,Neither satisfied nor dissatisfied,No,32928,10114
R_eu2PfRYF0rAs8uh,Eleanor,Passive,7,Slightly satisfied,No,94130,10115
R_cMHMiHMyvMjvCPb,Ellie,Detractor,5,Extremely dissatisfied,Uncertain,60941,10116
R_6r2asVGTP4n4mr3,Bell,Detractor,4,Extremely satisfied,Uncertain,19540,10117
R_6wZcBpkHiYas9r7,Zoe,Promoter,10,Extremely dissatisfied,No,64825,10118
R_56lVh6Hc25Ctmdv,Willow,Detractor,2,Extremely satisfied,Yes,73399,10119
R_9smO99hOeKCELhX,Aubrey,Detractor,0,Slightly dissatisfied,Yes,81764,10120
R_25JJzmSljrnyTo9,Luke,Detractor,0,Extremely dissatisfied,Yes,76356,10121
R_0Mq9sgWYDLKopDv,Andrew,Passive,7,Extremely satisfied,Yes,45887,10122
R_3sh8aOoyc8dBGjb,Asher,Detractor,2,Extremely satisfied,Yes,98040,10123
R_74lb9XTUBC3c6LH,Bell,Detractor,3,Extremely satisfied,Uncertain,87431,10124
R_9uXFlY7VZn1ELv7,Thomas,Promoter,10,Neither satisfied nor dissatisfied,Uncertain,60088,10125
R_5APSMuksdcl1kHP,Aubrey,Detractor,5,Neither satisfied nor dissatisfied,Uncertain,32210,10126
R_3wtxmcScSBdIZI9,Everly,Passive,7,Extremely satisfied,Yes,66939,10127
R_29suemZ2byjJcTH,Lily,Promoter,10,Extremely dissatisfied,Uncertain,13862,10128
R_cSyvPRPvMv7F2Sh,Carter,Promoter,9,Extremely satisfied,No,90069,10129
R_bEMr6WXwDZdPXMh,Stella,Detractor,2,Extremely satisfied,Yes,45781,10130
R_dd4wdnSML4LrSEl,Jaxon,Detractor,1,Extremely satisfied,Yes,38929,10131
R_4URrzcFMddATCOp,Madison,Passive,8,Extremely dissatisfied,No,28944,10132
R_eFdlsm5bwRQGEmN,Jayden,Passive,7,Slightly satisfied,Uncertain,82438,10133
R_bmhQnAUtlqIRfpj,Julian,Detractor,1,Extremely dissatisfied,Uncertain,84668,10134
R_0jKkDLl9KRLOG6p,Jaxon,Detractor,3,Extremely dissatisfied,No,57024,10135
R_5aTeMMX3XZBV7Ux,Aurora,Detractor,3,Extremely dissatisfied,Uncertain,41470,10136
R_bJzi7rHzXnUkjL7,Riley,Detractor,2,Slightly dissatisfied,Yes,98943,10137
R_8e6TCispDWpXEvr,Hazel,Detractor,1,Extremely satisfied,Yes,21104,10138
R_etIwN9HpAbKfeC1,Zoe,Promoter,10,Extremely satisfied,No,80689,10139
R_7X8uER3q3Ascybz,Everly,Detractor,0,Neither satisfied nor dissatisfied,Yes,14779,10140
R_ah1UFjtNLLaFsMJ,John,Detractor,1,Neither satisfied nor dissatisfied,Uncertain,35473,10141
R_0AIEtdocJIcxRYx,Luke,Detractor,3,Extremely dissatisfied,Uncertain,14422,10142
R_3L5G1oyJmfZ5oQR,Lillian,Detractor,5,Extremely dissatisfied,No,99197,10143
R_3BLVwVD4WY6Trg1,Hannah,Promoter,10,Slightly satisfied,Yes,94160,10144
R_b4lLYrPra1YRAe9,Riley,Detractor,0,Neither satisfied nor dissatisfied,Yes,74905,10145
R_8oIj45ErAuanFQh,Madison,Detractor,1,Slightly dissatisfied,Uncertain,69345,10146
R_7NBvIxJpW2mmVvv,Bell,Promoter,9,Extremely satisfied,Yes,73730,10147
R_5hzyHkPcWOj9evj,Asher,Passive,7,Extremely satisfied,Yes,87951,10148
R_3agvHPaLzQvS4ol,David,Detractor,0,Extremely satisfied,Yes,89778,10149
R_b8FuA5JWdkarjFP,Lily,Detractor,1,Slightly satisfied,Yes,70201,10150
R_3z4lkuhkVcUWfWZ,Jayden,Promoter,10,Extremely satisfied,No,58869,10151
R_3UHvvQ27ASOEtRb,Ellie,Detractor,1,Extremely dissatisfied,Yes,48633,10152
R_a3rfzAjHsjLlJwp,Aurora,Detractor,4,Slightly satisfied,No,60089,10153
R_3WrJ5LDNNiXiIHX,Leo,Detractor,2,Extremely satisfied,Yes,73547,10154
R_ex2NhhkAATn36yF,Violet,Passive,7,Extremely dissatisfied,Yes,49612,10155
R_37uHsfWOzd0PDwh,Everly,Detractor,0,Extremely satisfied,Yes,65726,10156
R_egESOED7gJzaXdz,Lincoln,Passive,8,Extremely dissatisfied,Yes,86242,10157
R_cNHNWKJAEuhxxtz,Luke,Detractor,4,Neither satisfied nor dissatisfied,No,79149,10158
R_2mhBF6PX4SyvOGp,Julian,Detractor,3,Extremely satisfied,No,58777,10159
R_0ILx7jcqt8w3Rkx,Julian,Passive,7,Neither satisfied nor dissatisfied,No,17547,10160
R_cRWKmOoOp2CUfgV,Lillian,Detractor,0,Extremely satisfied,Yes,59653,10161
R_6le25EEdAYACFSJ,Natalie,Detractor,6,Slightly dissatisfied,Uncertain,98140,10162
R_efmtP9KZxkDXsDX,Jayden,Detractor,6,Slightly dissatisfied,Uncertain,57758,10163
R_3f9kTsU7LnctNJj,Audrey,Detractor,1,Slightly dissatisfied,Uncertain,10425,10164
R_cSnsVtanD1Q3vKd,Madison,Passive,7,Slightly dissatisfied,Uncertain,54239,10165
R_5ceLGmbd4IZ3tbv,Grace,Detractor,6,Extremely dissatisfied,Yes,85517,10166
R_7NAlCSOuJSqPAod,Andrew,Detractor,3,Extremely satisfied,Yes,73668,10167
R_3k0Eow8brUNUvEV,Emilia,Detractor,6,Slightly dissatisfied,No,59862,10168
R_b1tECfpSH84tLlb,Thomas,Detractor,3,Slightly satisfied,Uncertain,68804,10169
R_e5TIuxNIGuZHpOZ,John,Detractor,2,Extremely dissatisfied,Uncertain,51874,10170
R_3ZS6CJK6tEj8oGV,Grace,Detractor,3,Extremely dissatisfied,No,45586,10171
R_43ljFwn663UjMln,Dylan,Detractor,2,Slightly dissatisfied,Yes,73836,10172
R_8ByQ5eJHLQOfkWN,Jaxon,Promoter,9,Slightly dissatisfied,Uncertain,99847,10173
R_eEYxAv5GcIyIPkh,Wyatt,Detractor,1,Extremely dissatisfied,No,46951,10174
R_eX5HavwAf1pelAF,Lillian,Detractor,4,Slightly dissatisfied,Yes,93504,10175
R_cMa7mWt1N2zLPZH,Ezra,Detractor,1,Slightly satisfied,Uncertain,25132,10176
R_6mOlNZmkf7KSGy1,Hannah,Detractor,1,Slightly dissatisfied,Yes,13839,10177
R_8hN8JXWuEXVE7Nb,Grayson,Detractor,2,Neither satisfied nor dissatisfied,No,13380,10178
R_cTr9GoJVn0Zcdp3,Wyatt,Detractor,5,Extremely satisfied,No,87835,10179
R_2uGYXMYMhoa2wrr,Hazel,Passive,8,Slightly dissatisfied,Uncertain,75845,10180
R_bp9lJ23QWgtkZyl,Audrey,Detractor,3,Extremely satisfied,Uncertain,89036,10181
R_ddtsL9lBqjvUTyd,Everly,Detractor,3,Extremely dissatisfied,Uncertain,35190,10182
R_87wP8HSch9IJWrb,Lily,Detractor,2,Slightly dissatisfied,Uncertain,56949,10183
R_bxPPFNzVH7UujYN,Lily,Detractor,5,Neither satisfied nor dissatisfied,No,37860,10184
R_9t3CRfRS7VuhfIp,Ezra,Promoter,10,Extremely dissatisfied,Yes,52437,10185
R_9uBOtpYkEV65irb,Zoey,Detractor,0,Extremely dissatisfied,Yes,52834,10186
R_d4pVKdFXaoOeRmt,Christopher,Promoter,9,Extremely dissatisfied,Yes,34311,10187
R_9uDUgDRWd5mpSwB,Dylan,Detractor,5,Extremely dissatisfied,Yes,97580,10188
R_9tsbRvljv1FRL0N,Emilia,Detractor,6,Extremely dissatisfied,Yes,91545,10189
R_0fyZxh3E6ctrtzf,Joshua,Passive,7,Neither satisfied nor dissatisfied,Uncertain,54771,10190
R_2boRxFFQbdduVtb,David,Detractor,4,Extremely dissatisfied,Yes,97355,10191
R_0ppqoCKPNx0dWQZ,Aubrey,Promoter,9,Slightly satisfied,Uncertain,88779,10192
R_dpdHhAT9gDLqnMV,Ezra,Detractor,0,Extremely satisfied,Uncertain,37654,10193
R_eo39d9feDJ0aSON,Levi,Detractor,6,Extremely dissatisfied,Uncertain,77104,10194
R_2csnrv8DHB3GLfn,Addison,Detractor,2,Slightly dissatisfied,Yes,28513,10195
R_6yvbWL0TIq0XlWJ,Bell,Detractor,0,Neither satisfied nor dissatisfied,No,81979,10196
R_37PopikVgykUzI1,Ellie,Detractor,6,Slightly satisfied,No,28232,10197
R_2hjebE50ohjsjPv,Julian,Passive,8,Neither satisfied nor dissatisfied,Uncertain,63604,10198
R_dgPABILvr2PoSvH,Hazel,Detractor,6,Extremely satisfied,No,84561,10199
R_es4jTj5xTkEnHjD,Emilia,Passive,7,Slightly satisfied,No,29821,10200
R_4Og1bkzr2dtLOqF,Nora,Detractor,4,Extremely dissatisfied,Uncertain,34570,10201
R_3JBbzy4FTk44lQF,David,Promoter,9,Neither satisfied nor dissatisfied,Yes,75299,10202
R_1YXdT2P4St3J3lH,Bell,Detractor,6,Extremely satisfied,No,67722,10203
R_9zQLj5he70YMhvL,Isaac,Promoter,10,Slightly satisfied,Yes,32863,10204
R_08JN0vkmNAQICfr,Bell,Passive,8,Extremely dissatisfied,Uncertain,31654,10205
R_2rGKZ5kzT00Gp2B,Nora,Detractor,2,Extremely dissatisfied,Yes,98018,10206
R_5cAmk6wGr0v3vk9,Grace,Detractor,2,Neither satisfied nor dissatisfied,Uncertain,56573,10207
R_di0v7n6DgOz6Nkp,Grace,Promoter,9,Slightly satisfied,No,64171,10208
R_2otpjwyuKTwY1hj,Nora,Detractor,0,Neither satisfied nor dissatisfied,No,43285,10209
R_9ohZCC6C6FLs0Dj,Wyatt,Promoter,9,Slightly satisfied,Yes,30319,10210
R_bxySVy3vG4Nbr1j,Grayson,Detractor,5,Extremely satisfied,Uncertain,30626,10211
R_3e2PGanXSyivrnf,Luke,Detractor,6,Neither satisfied nor dissatisfied,Uncertain,74075,10212
R_8wvAgzH6sO66jjv,John,Detractor,5,Slightly dissatisfied,No,33192,10213
R_9sDiNvPXMx8gEZL,Lillian,Passive,8,Slightly dissatisfied,Yes,65759,10214
R_dj4VPyfG0OD1SJf,Aurora,Detractor,4,Slightly dissatisfied,Uncertain,37121,10215
R_1HbLQYDxpd8J0Ed,Violet,Passive,7,Extremely dissatisfied,Uncertain,42438,10216
R_cHiCcClRsPlcEWV,Everly,Detractor,6,Neither satisfied nor dissatisfied,Uncertain,17887,10217
R_02pwRESRe2oLfox,Julian,Promoter,9,Extremely dissatisfied,Uncertain,33005,10218
R_6X8FrNfiSWtJ98V,Joshua,Promoter,9,Slightly dissatisfied,No,22581,10219
R_d6ghu5FxIyaxWxT,Zoey,Passive,7,Extremely satisfied,Yes,54278,10220
R_ewDDWqOjgj9Rfnv,Zoe,Detractor,2,Slightly satisfied,No,40002,10221
R_1Tu5Z5yeZoiT5pH,Dylan,Passive,7,Slightly dissatisfied,Yes,88426,10222
R_eJ42ybwFKbPXtTT,Hudson,Detractor,4,Extremely satisfied,No,95477,10223
R_09DcWBqIM9Aia0Z,Dylan,Promoter,9,Slightly satisfied,No,65526,10224
R_0cz5nEfUejr7KDP,Everly,Promoter,10,Neither satisfied nor dissatisfied,Uncertain,40527,10225
R_aWex3j7FagsYFa5,Mateo,Detractor,5,Slightly satisfied,Yes,23740,10226
R_56dSxqjHpR7w6ON,John,Detractor,6,Slightly dissatisfied,Yes,67185,10227
R_efZ186J7gns1OAt,Wyatt,Promoter,10,Extremely satisfied,Uncertain,56777,10228
R_eqXhCzy8nxGrGwB,Asher,Detractor,2,Slightly dissatisfied,No,16864,10229
R_bkjsBVP9BwmAeIl,Josiah,Promoter,10,Neither satisfied nor dissatisfied,Uncertain,60219,10230
R_d53xO59dtwEeH65,Carter,Detractor,2,Slightly dissatisfied,Yes,73198,10231
R_9oy32JEHoIGvCQt,Carter,Passive,7,Slightly dissatisfied,No,98430,10232
R_0PdAu9UmiwaYxBX,Josiah,Detractor,4,Slightly dissatisfied,Uncertain,36478,10233
R_82M85Gc7NzBtpIx,Natalie,Passive,8,Slightly dissatisfied,Uncertain,58190,10234
R_bpfbdiT4DqT9KHH,Anthony,Promoter,10,Slightly dissatisfied,No,56807,10235
R_cwmNk6EoMJ0JDTf,Natalie,Promoter,9,Slightly satisfied,No,41670,10236
R_dmy4h5v0ZmMwotf,David,Detractor,4,Extremely dissatisfied,Yes,32695,10237
R_3KpeyssRFrkoyeF,Violet,Detractor,2,Slightly dissatisfied,No,65958,10238
R_eQK2t0wNB5VNZo9,Grace,Detractor,6,Slightly satisfied,No,72650,10239
R_51Msvibvu3yzlch,John,Detractor,2,Extremely dissatisfied,Uncertain,84652,10240
R_7U8XiUQr4iSrnjT,Jayden,Detractor,6,Slightly satisfied,No,86532,10241
R_8um2gLlR1NIqqVL,Thomas,Detractor,0,Slightly dissatisfied,Yes,82375,10242
R_6ooGnY94uWw6bbf,Madison,Detractor,2,Extremely satisfied,Yes,89175,10243
R_cwiS8vi0FQyftl3,Violet,Passive,7,Slightly dissatisfied,Uncertain,10897,10244
R_4MCrvt7bRptTkNf,Asher,Promoter,9,Slightly satisfied,Yes,33104,10245
R_5zGJ6ZXP3iSVwfX,Eleanor,Detractor,2,Extremely dissatisfied,No,63151,10246
R_4THOuQDJSyDiVmt,Natalie,Promoter,10,Slightly dissatisfied,No,96004,10247
R_0DKe3YQ0GenIV9j,Josiah,Promoter,9,Extremely satisfied,Uncertain,70976,10248
R_7aqK8yazu1muGVL,Theodore,Detractor,3,Neither satisfied nor dissatisfied,No,80126,10249
R_00BntoXakkQ4Yqp,Violet,Promoter,9,Slightly satisfied,No,71767,10250
R_ebP8iPfHCJmDKfj,Thomas,Detractor,0,Extremely dissatisfied,Yes,43130,10251
R_3Q7AOu2YGqtF1Sl,Isaac,Passive,8,Slightly satisfied,Yes,33407,10252
R_bwTxaHdlCKF3ksB,Violet,Detractor,5,Slightly dissatisfied,No,52501,10253
R_4GccGDlwVNI9xsh,Josiah,Passive,7,Extremely dissatisfied,Uncertain,36608,10254
R_4NSudkw0tJ9mgdf,Jaxon,Promoter,9,Extremely satisfied,No,77919,10255
R_6QBuNbt84MIUinr,Anthony,Detractor,3,Neither satisfied nor dissatisfied,Uncertain,89205,10256
R_9AJkuiaG1ets5uJ,Natalie,Passive,8,Extremely satisfied,Uncertain,86207,10257
R_9N8HRXgGBSjpvY9,Natalie,Detractor,2,Extremely dissatisfied,No,85964,10258
R_1B2ZFZumTZ9LB0F,Lily,Detractor,0,Extremely dissatisfied,Uncertain,73075,10259
R_dg53hHLgE4wtAfH,Christopher,Detractor,6,Extremely satisfied,Yes,78645,10260
R_0dLDlJ2xsOoMYUR,Stella,Promoter,9,Neither satisfied nor dissatisfied,Uncertain,16696,10261
R_78PvlG9rOc8wtTL,Thomas,Promoter,9,Extremely satisfied,No,37469,10262
R_9Y94P8tSWKBAAXH,John,Detractor,3,Slightly satisfied,Uncertain,99987,10263
R_brArV0TAuhueXdj,Aurora,Promoter,10,Extremely dissatisfied,Uncertain,30719,10264
R_6g9jjWN2TYzIPWd,Natalie,Detractor,2,Extremely satisfied,No,25944,10265
R_1AGQKBxXdPA2LI1,Bell,Detractor,4,Slightly satisfied,Yes,65802,10266
R_37pdSkNzOjjUN8N,Nora,Promoter,10,Neither satisfied nor dissatisfied,No,74767,10267
R_0qy40IKbDQBUZrD,Wyatt,Detractor,2,Extremely dissatisfied,Uncertain,90870,10268
R_3wqWqviAlXgNRQN,Stella,Detractor,3,Slightly satisfied,No,11538,10269
R_3Q9fUPh6XfEN6x7,Grayson,Detractor,4,Slightly dissatisfied,Uncertain,93267,10270
R_3QVi3BmUhGTs59z,Willow,Passive,8,Slightly dissatisfied,No,89218,10271
R_agbEXOIWupVu2Rn,Leo,Promoter,9,Extremely dissatisfied,Uncertain,15460,10272
R_bNHf7FNsyWuEunb,Hazel,Detractor,2,Slightly dissatisfied,Uncertain,25233,10273
R_ekSZHc0W94yshE1,Emilia,Detractor,5,Extremely satisfied,No,44687,10274
R_3rv91Axo3Lqq9BH,Asher,Detractor,2,Extremely dissatisfied,No,64857,10275
R_40XajSUW1vsJ8O1,Lincoln,Detractor,6,Slightly dissatisfied,No,56761,10276
R_cZmkbnNBNMRb297,Grace,Detractor,2,Neither satisfied nor dissatisfied,No,70198,10277
R_dms8Yhqf7FCkZO5,Josiah,Detractor,2,Slightly satisfied,No,70560,10278
R_eerkgAzCZq0YFBX,Stella,Detractor,4,Extremely satisfied,Uncertain,41052,10279
R_81jXN7h5NHHRKjX,Aubrey,Passive,7,Extremely dissatisfied,Yes,31003,10280
R_cu14BZeZecbYfuB,Natalie,Detractor,4,Extremely dissatisfied,Uncertain,48141,10281
R_cJhOaeVVsiooHKB,Joshua,Passive,8,Neither satisfied nor dissatisfied,Yes,70083,10282
R_2htjv44URJAYZsV,Addison,Passive,8,Neither satisfied nor dissatisfied,No,12180,10283
R_bfGDJkglAHByQEl,Zoe,Passive,7,Slightly dissatisfied,Yes,71850,10284
R_8wsoJFCRQdvEHMp,Leah,Detractor,5,Extremely satisfied,No,34370,10285
R_4ZK7Df0yYwsC0Pb,Ellie,Passive,7,Slightly satisfied,Uncertain,68400,10286
R_4YgkRfJFr4nUsp7,Julian,Detractor,5,Extremely dissatisfied,Uncertain,95536,10287
R_0JPkhPh8bEDbm3b,Thomas,Promoter,9,Extremely dissatisfied,Yes,67131,10288
R_eVRo43LtjmVmUjr,Levi,Detractor,5,Neither satisfied nor dissatisfied,Uncertain,74487,10289
R_1FIw2ok0bQC0Aw5,Riley,Passive,8,Neither satisfied nor dissatisfied,Uncertain,67003,10290
R_5zhIBAeyQjhUIKN,Josiah,Detractor,6,Slightly satisfied,Uncertain,67722,10291
R_3rB61oqcnVEF1Bz,Thomas,Detractor,3,Slightly satisfied,Uncertain,23029,10292
R_djy0EeygnKpRw6p,Hudson,Passive,7,Slightly satisfied,Uncertain,11646,10293
R_eu1r8JDHKZNQaNv,Wyatt,Detractor,1,Slightly dissatisfied,No,95914,10294
R_8e5BTMppCpipbeJ,Aurora,Passive,7,Slightly satisfied,Yes,72002,10295
R_0vcgYy9MZFrxLqB,Leo,Promoter,9,Extremely satisfied,No,42614,10296
R_b8VVmeaehOH8Vvv,Aubrey,Detractor,5,Extremely dissatisfied,No,84744,10297
R_etU246zN6pfN6Dz,Luke,Promoter,9,Extremely dissatisfied,Yes,70262,10298
R_3ftNhuihHxBH5nT,Josiah,Detractor,3,Slightly dissatisfied,Yes,81906,10299
R_6rsLQiN6CZVmgF7,Lucy,Detractor,0,Extremely satisfied,Yes,31901,10300
R_0j2xUvQW1Jf2YLz,Wyatt,Promoter,10,Extremely satisfied,No,32840,10301
R_5ABD8muhjVeS1M1,John,Passive,7,Extremely satisfied,No,41626,10302
R_9MlprJFopdAFsZD,Isaac,Detractor,0,Slightly dissatisfied,Yes,76119,10303
R_6RL5LstrTTIuxlH,Everly,Detractor,1,Slightly satisfied,Uncertain,97200,10304
R_4SGK0DGjcuJqsAd,Ezra,Passive,7,Slightly satisfied,Uncertain,62060,10305
R_bOv5oKJse88FccB,Theodore,Passive,7,Slightly satisfied,No,28782,10306
R_0cV7zyoR5HGQKEJ,Julian,Passive,7,Slightly satisfied,No,52179,10307
R_bjee6bPeKjzUwIZ,Zoey,Detractor,6,Neither satisfied nor dissatisfied,Uncertain,48626,10308
R_0Ta5oivKZJY7Ywt,Julian,Detractor,3,Extremely dissatisfied,Uncertain,82444,10309
R_6EAkSotJ2WkmcyV,Violet,Detractor,2,Extremely dissatisfied,Uncertain,29262,10310
R_eR2uBFqJZJfuSZT,Bell,Detractor,2,Extremely satisfied,Yes,79728,10311
R_aYpi3xkpGZ52STH,Natalie,Promoter,10,Slightly satisfied,Uncertain,88678,10312
R_00aJWUXNSbL3cON,Ellie,Detractor,6,Extremely satisfied,No,15173,10313
R_42ZakFHc8BVNHwx,Lillian,Promoter,10,Neither satisfied nor dissatisfied,Uncertain,72458,10314
R_d4r8DKui3Jqi4vP,Nora,Passive,8,Slightly dissatisfied,No,70608,10315
R_3xTNwY5lb6O2f0F,Lincoln,Detractor,6,Extremely dissatisfied,Uncertain,21879,10316
R_37p7Pf4KVbtTSK1,Eleanor,Promoter,10,Extremely dissatisfied,Uncertain,74876,10317
R_3Vrlbxktn0C4Rvv,Wyatt,Passive,7,Slightly satisfied,No,12850,10318
R_bEP5zs2tjXy9U1v,Aurora,Detractor,5,Extremely dissatisfied,No,43688,10319
R_b8dsqDbJvemw9Jb,Thomas,Passive,8,Slightly satisfied,Uncertain,51238,10320
R_eb5rfWJsj1OKT7n,Lucy,Passive,8,Extremely satisfied,Uncertain,92431,10321
R_9KS63ELpdWzopeZ,Julian,Detractor,2,Slightly dissatisfied,No,91797,10322
R_8rgKET5nsZz6MdL,David,Passive,8,Extremely satisfied,Yes,45498,10323
R_1TjDkxvQ3NWiWm9,Isaac,Passive,8,Slightly satisfied,Yes,83752,10324
R_djqL2gh8Hifckzr,Addison,Passive,7,Extremely dissatisfied,Uncertain,44248,10325
R_bf7BRU6VDLNt95j,Natalie,Detractor,3,Extremely satisfied,Uncertain,46382,10326
R_9Ys3Prg4m4n3m5f,Levi,Detractor,1,Neither satisfied nor dissatisfied,No,39226,10327
R_dpAkAW75QNa3paZ,Willow,Detractor,3,Slightly dissatisfied,No,10926,10328
R_dgU4TJNEOdKkcYt,Bell,Detractor,3,Slightly dissatisfied,Yes,15576,10329
R_8wsBrzkT9I1gvaZ,Theodore,Detractor,5,Slightly satisfied,Yes,44792,10330
R_1YNooE3zhhlA7Fr,Aubrey,Promoter,10,Slightly satisfied,Uncertain,58558,10331
R_8AJkjhaZ4hu2j65,Asher,Promoter,10,Extremely dissatisfied,Yes,98322,10332
R_0OsmiuGlFDgEtsp,Dylan,Detractor,5,Slightly satisfied,No,87275,10333
R_8Jolzc7dtXbbhVH,Levi,Passive,7,Slightly dissatisfied,No,92815,10334
R_3wLySGCje9VLx65,Jaxon,Promoter,9,Neither satisfied nor dissatisfied,Uncertain,56612,10335
R_8kxeyvhERBXepYF,Leah,Passive,7,Slightly dissatisfied,No,32960,10336
R_8B3x5p1WFZwpuM5,Jaxon,Detractor,6,Slightly satisfied,No,59416,10337
R_0dlicGKpM8yLJl3,Ellie,Passive,8,Slightly satisfied,No,89170,10338
R_bvilc5edbhFdXUN,Audrey,Detractor,3,Slightly satisfied,Yes,39511,10339
R_40LRU1r8ZZmrNkN,Gabriel,Passive,8,Slightly dissatisfied,Uncertain,83709,10340
R_bkjcNoMZoCIWDvD,Mateo,Detractor,1,Slightly dissatisfied,Uncertain,58278,10341
R_b8e8AdG9hmZT77f,Violet,Detractor,0,Extremely dissatisfied,Yes,27362,10342
R_eCzx9GOqf0hUkaF,Wyatt,Detractor,1,Extremely dissatisfied,Uncertain,37003,10343
R_dmavFYnHAGXrkmV,Nora,Detractor,0,Extremely satisfied,Uncertain,60091,10344
R_7QCS6lgaIC96Fnv,Julian,Detractor,5,Slightly satisfied,No,90045,10345
R_2udblBsnvz3fSTP,Ezra,Detractor,2,Neither satisfied nor dissatisfied,No,91877,10346
R_2nRBerZmWg7H5dz,Lucy,Detractor,5,Extremely satisfied,No,68829,10347
R_3NSaJhfQMTgzomV,Theodore,Detractor,5,Neither satisfied nor dissatisfied,No,60373,10348
R_86Z3XbZROwjE5Jb,Natalie,Detractor,1,Slightly satisfied,Uncertain,16003,10349
R_eQyiyEMxHASDXh3,Theodore,Detractor,5,Slightly dissatisfied,Yes,51722,10350
R_e2kN7lVHZLsUHXv,Leo,Detractor,6,Slightly satisfied,No,53676,10351
R_bwlHHOx1CTGEUU5,Carter,Detractor,1,Neither satisfied nor dissatisfied,Uncertain,18223,10352
R_aaAWMUcF4G0aOtT,Hannah,Detractor,6,Extremely dissatisfied,Uncertain,48115,10353
R_4Yqqr1KOsZqj0ax,David,Detractor,6,Extremely satisfied,Uncertain,25077,10354
R_1TBFIAG07P0pkt7,Anthony,Promoter,9,Extremely dissatisfied,No,51599,10355
R_efFkCRM1dMsrGM5,Anthony,Detractor,3,Extremely dissatisfied,No,23886,10356
R_bfj9Q2TSwbhbzkV,Joshua,Passive,8,Extremely satisfied,Yes,66371,10357
R_eG2B4aqXPrbWZ13,Victoria,Passive,7,Slightly satisfied,Yes,89094,10358
R_7OJN7iJuS21l5Gd,Lincoln,Detractor,2,Slightly satisfied,Uncertain,12092,10359
R_bDW52GPkZszUFpj,Lucy,Promoter,10,Slightly satisfied,No,53238,10360
R_bjtKYXqyjbeEY05,Hudson,Detractor,0,Extremely satisfied,Yes,34985,10361
R_0vsf1Qc7UL37HMh,Hudson,Detractor,0,Slightly dissatisfied,Uncertain,29519,10362
R_0pIyRDhUlKS9tJ3,Jayden,Promoter,9,Slightly dissatisfied,Yes,23312,10363
R_3KkZxLcEs7mLGdv,Thomas,Detractor,2,Neither satisfied nor dissatisfied,Uncertain,48542,10364
R_4PBePdoBptqgAcZ,Lucy,Promoter,10,Extremely satisfied,Yes,54382,10365
R_79t6efKePs2v0zj,Lucy,Detractor,6,Extremely satisfied,Uncertain,55021,10366
R_9FCeJ2kTHnjusN7,Grayson,Detractor,2,Slightly satisfied,Yes,14488,10367
R_bdAevj7vUMcqKAl,Stella,Passive,7,Slightly satisfied,No,63115,10368
R_4VLhYfzL10WLn2R,Ellie,Detractor,1,Slightly satisfied,No,27919,10369
R_cYGqJavmXV5H7WR,Lillian,Detractor,6,Slightly satisfied,Yes,72897,10370
R_eG11HmNfpqJUrNr,Riley,Detractor,6,Neither satisfied nor dissatisfied,Yes,80135,10371
R_bwTmYUQJSwwfxEV,Ellie,Detractor,3,Extremely dissatisfied,Uncertain,26113,10372
R_eJA21VR5FnTschT,Anthony,Detractor,1,Extremely satisfied,Yes,53369,10373
R_eYjwmHbplmFzHMN,Victoria,Passive,8,Slightly satisfied,Uncertain,89848,10374
R_3fIhPiLfWbHUwRf,Luke,Detractor,4,Extremely dissatisfied,Yes,68289,10375
R_d4seeYXu1VjLYOh,Everly,Detractor,5,Extremely dissatisfied,No,40938,10376
R_2tXg8XpgZyoCptX,Everly,Passive,7,Neither satisfied nor dissatisfied,No,58179,10377
R_6staesKONeyhHSt,Mateo,Detractor,2,Slightly dissatisfied,Uncertain,58187,10378
R_3kpKAKbpa9xmWjP,Grayson,Detractor,5,Extremely dissatisfied,Yes,23651,10379
R_3ZSjnoYiX1uBwl7,Josiah,Detractor,6,Extremely dissatisfied,Yes,62852,10380
R_56ziaYpznP0nTVz,Leah,Passive,8,Slightly dissatisfied,No,47133,10381
R_5othz0GxLc417IV,Ezra,Passive,7,Slightly satisfied,No,77734,10382
R_cZOs7JjZ8J9zOAt,Grace,Detractor,5,Neither satisfied nor dissatisfied,No,64026,10383
R_8BRHohV92KDCQDP,Joshua,Detractor,2,Slightly satisfied,Uncertain,24978,10384
R_5dNtypKadzp8tyl,Gabriel,Detractor,1,Extremely dissatisfied,Uncertain,10280,10385
R_29Lw0uJ0H5ZAiIR,Aubrey,Passive,7,Slightly satisfied,No,56617,10386
R_6qZvWFZ3BUYeLhb,Lucy,Promoter,10,Slightly dissatisfied,Yes,62830,10387
R_6LJWNcgHkCeGjm5,Jaxon,Detractor,2,Extremely dissatisfied,Uncertain,12067,10388
R_3aU3FvgJEBHWH6l,Lily,Passive,7,Extremely satisfied,Yes,42425,10389
R_cvjikrDIIeD41Tf,Josiah,Promoter,10,Slightly dissatisfied,Yes,91640,10390
R_3eAiXtTLPm4o1kp,Andrew,Detractor,4,Extremely satisfied,No,90124,10391
R_0xLdTmIS6s5aJWR,Isaac,Detractor,4,Neither satisfied nor dissatisfied,Yes,25043,10392
R_0kYr1XWuYgZ9n4p,Luke,Detractor,5,Slightly dissatisfied,Yes,80657,10393
R_3U84skKzMzNfrEx,Zoe,Detractor,4,Neither satisfied nor dissatisfied,No,81095,10394
R_8HQoUh9tqq5kcdL,Joshua,Detractor,5,Extremely dissatisfied,No,95821,10395
R_4VMz2cW8Yua1MCF,Addison,Promoter,10,Slightly dissatisfied,Yes,24077,10396
R_9ns4WhLSQV2yKdD,Madison,Detractor,0,Neither satisfied nor dissatisfied,Yes,83869,10397
R_4Pl1sy7JUYh8TCl,Joshua,Detractor,1,Extremely satisfied,Yes,21352,10398
R_2lSM2Nt5W7QALkx,Andrew,Detractor,5,Slightly satisfied,No,13650,10399
R_e5kMMjwU0IU0qPP,Levi,Detractor,6,Extremely satisfied,No,80801,10400
R_8BXI8frDj7KRfh3,Lucy,Detractor,2,Slightly dissatisfied,No,43436,10401
R_cvXTQOLTXK41GPX,John,Passive,8,Slightly dissatisfied,No,44624,10402
R_dbwGuoTV5MCtupT,Andrew,Passive,7,Extremely satisfied,No,24024,10403
R_3aZU2Hj6zDkLTqB,Grayson,Detractor,2,Slightly satisfied,No,37316,10404
R_25KMcI4jBCbbAFv,Levi,Detractor,4,Slightly dissatisfied,No,91905,10405
R_6QXkJIzf1HQy817,Jayden,Detractor,2,Extremely dissatisfied,Yes,70213,10406
R_41HUov9PGuC08hn,Thomas,Detractor,4,Slightly satisfied,No,89278,10407
R_1YRswK1eBOUUwMl,Josiah,Passive,8,Neither satisfied nor dissatisfied,Yes,19124,10408
R_7R2Qi75rcFXyQWp,Hazel,Detractor,5,Slightly dissatisfied,No,92796,10409
R_2tWeYx8FiqqSZX7,Dylan,Detractor,0,Neither satisfied nor dissatisfied,Yes,62738,10410
R_etEkGAdUkakWvdz,Riley,Detractor,3,Slightly dissatisfied,Uncertain,69942,10411
R_ebyZahMPEw6Vajr,Nora,Promoter,9,Neither satisfied nor dissatisfied,No,62726,10412
R_3Q2M9VSGYvMxJOd,Eleanor,Detractor,6,Neither satisfied nor dissatisfied,Uncertain,78916,10413
R_cx0T3d6Q7Rq6wol,Theodore,Detractor,5,Slightly dissatisfied,No,45396,10414
R_263TALMLPslyuah,Levi,Promoter,10,Slightly dissatisfied,No,26863,10415
R_2a9y5HZdLBIQL1X,Mateo,Passive,8,Slightly dissatisfied,Yes,80544,10416
R_baakvdrheU0Dqfz,Willow,Detractor,4,Slightly satisfied,No,35520,10417
R_cAdWpOjXapYa6Hz,Gabriel,Detractor,5,Slightly dissatisfied,Yes,70649,10418
R_6RSpwAqknJHio9D,Hazel,Detractor,6,Extremely dissatisfied,Yes,50598,10419
R_bO9TweDqhghsjSB,Ezra,Detractor,1,Slightly satisfied,Yes,41032,10420
R_8x0muZFjOUqwD77,Leah,Detractor,0,Neither satisfied nor dissatisfied,Uncertain,84648,10421
R_8xd9p19slSDZQtn,Andrew,Promoter,10,Slightly dissatisfied,No,98546,10422
R_0kVmdl2bPB5mYUR,Aubrey,Detractor,5,Neither satisfied nor dissatisfied,Yes,97375,10423
R_9npqPaHneIyGcqF,Asher,Passive,7,Slightly satisfied,Uncertain,76757,10424
R_e2kkpQ7nrQtyIfz,Zoey,Detractor,1,Extremely satisfied,No,95983,10425
R_9S6PLeabe4Bunbf,Grayson,Detractor,6,Slightly dissatisfied,Yes,37652,10426
R_bmHgFlB6ZenxHP7,Willow,Promoter,10,Extremely dissatisfied,No,38443,10427
R_02lo9wJj0x9Pemh,Andrew,Detractor,5,Neither satisfied nor dissatisfied,Uncertain,55577,10428
R_bxX82jfBRzp68xn,Lillian,Detractor,4,Extremely satisfied,Yes,63287,10429
R_9t7A9emawzKqOuV,Ellie,Detractor,0,Slightly satisfied,Yes,52786,10430
R_7VYWxboPqVkciNf,Nora,Detractor,3,Slightly dissatisfied,Yes,66531,10431
R_ac4LxzzyhsU7meN,Levi,Promoter,10,Slightly dissatisfied,Yes,91564,10432
R_e8uJL6I1P6AtsI5,Hazel,Detractor,5,Extremely satisfied,No,44168,10433
R_bIzOdkdrzxrdyND,Aubrey,Detractor,2,Extremely dissatisfied,Uncertain,70269,10434
R_9ymBaMv7E10S9Wl,Lily,Promoter,9,Extremely dissatisfied,Yes,16300,10435
R_0SA8hs7MXANvhdP,Lucy,Detractor,0,Neither satisfied nor dissatisfied,Uncertain,62360,10436
R_3k1WuJ3ZRKwzmzX,Willow,Detractor,4,Slightly satisfied,No,33527,10437
R_eXV73Vykzhxr28B,Lincoln,Detractor,4,Extremely satisfied,No,23002,10438
R_3Uw8O8ntUpkFe9T,Grayson,Passive,7,Slightly dissatisfied,No,98554,10439
R_1O1RuT02G7PCMLP,Bell,Detractor,2,Extremely satisfied,No,63939,10440
R_7VhusqcrjyXYprT,Leo,Passive,8,Extremely satisfied,Yes,65221,10441
R_6FiQfrmIgDIACnb,Dylan,Detractor,5,Extremely satisfied,Uncertain,79176,10442
R_b2fCX1Bg5CiXSyp,Andrew,Detractor,0,Neither satisfied nor dissatisfied,No,82900,10443
R_bP1vhlBdqYDJnp3,Violet,Promoter,10,Extremely dissatisfied,Yes,18233,10444
R_bIvKC1X3NFpOywd,Hannah,Promoter,9,Slightly satisfied,Yes,96673,10445
R_9AGxvO3o7BtMZHD,Aurora,Passive,8,Slightly dissatisfied,No,97432,10446
R_ab2rPVTbZAwoyAR,Asher,Promoter,10,Extremely dissatisfied,No,53775,10447
R_cLOyjWXKYGQQ6Db,Bell,Detractor,1,Neither satisfied nor dissatisfied,No,22866,10448
R_06YrINrRpJqtnbn,Aubrey,Detractor,6,Extremely satisfied,Yes,82730,10449
R_3t51xtKuE5uUwwR,Willow,Passive,8,Slightly satisfied,No,20331,10450
R_866NOLM5u9sBDN3,Leah,Detractor,5,Slightly satisfied,Yes,42431,10451
R_8kWbSamfxvZU9IV,Dylan,Passive,7,Extremely satisfied,Uncertain,15656,10452
R_0AsKfpn8PghBuV7,Carter,Detractor,6,Slightly dissatisfied,No,60659,10453
R_0VxAZeL65Eh41Ip,Josiah,Detractor,3,Slightly satisfied,Yes,21335,10454
R_eF1mm1teXBBpQep,Eleanor,Detractor,5,Neither satisfied nor dissatisfied,Yes,33832,10455
R_018FJ2kxmZXKWqx,Jaxon,Passive,8,Extremely dissatisfied,Uncertain,45834,10456
R_4VdLArmgBrKZd7T,Aurora,Detractor,6,Extremely satisfied,Uncertain,32603,10457
R_cwHdkYLkWMqvNgF,Josiah,Detractor,6,Extremely dissatisfied,Uncertain,72216,10458
R_0qEBbiCPbMvqy0d,Carter,Passive,8,Extremely dissatisfied,Uncertain,21402,10459
R_5ss5Wv1ngCwB7tX,Bell,Detractor,6,Slightly satisfied,No,15425,10460
R_1NZ8GP3D05Xyn0p,Hazel,Promoter,9,Slightly dissatisfied,Yes,54162,10461
R_b3oXiPL0cK7TTJX,Grace,Promoter,10,Slightly dissatisfied,Uncertain,89805,10462
R_etk4HVL12esvif3,Eleanor,Detractor,4,Neither satisfied nor dissatisfied,Uncertain,90389,10463
R_bKqa8avjLH3hbKt,Thomas,Detractor,0,Neither satisfied nor dissatisfied,Uncertain,27111,10464
R_39kTPcNNGu4Hrql,Lily,Passive,7,Slightly dissatisfied,Yes,12047,10465
R_eQZEbXPskIMhUpf,Leo,Detractor,1,Slightly satisfied,No,79807,10466
R_cuujRQLERws07MV,Willow,Detractor,6,Slightly satisfied,Yes,83179,10467
R_8iRJUgi2HiX52Rf,Audrey,Detractor,4,Neither satisfied nor dissatisfied,Yes,72298,10468
R_8IhEHlFsHJWuYtL,Leo,Detractor,1,Extremely dissatisfied,Yes,98703,10469
R_5uJlaiT8gDzgkZf,Josiah,Promoter,9,Extremely dissatisfied,Yes,30830,10470
R_2uHSGfFeGdbs4WF,Riley,Passive,8,Extremely dissatisfied,Uncertain,94685,10471
R_81zGYFvQD0UWoFT,Zoe,Detractor,1,Neither satisfied nor dissatisfied,Uncertain,62766,10472
R_8DoReS2VoPRz0rj,Aubrey,Promoter,10,Slightly dissatisfied,Uncertain,44376,10473
R_a30hCufs8xDeu6F,Willow,Detractor,0,Extremely dissatisfied,Uncertain,35263,10474
R_23HRLPzdTPxUeY5,Jaxon,Detractor,6,Neither satisfied nor dissatisfied,Yes,87955,10475
R_cTLbVJ0SN5gMF4V,John,Detractor,2,Extremely satisfied,No,23678,10476
R_6AtS0GEYb1pNkJn,Lucy,Passive,8,Extremely satisfied,Yes,61307,10477
R_3jAHE5N7ndBAVWR,Aurora,Detractor,2,Extremely satisfied,No,17700,10478
R_byJUyiSI7rhD5zL,Jayden,Promoter,9,Slightly dissatisfied,No,98141,10479
R_a4z3zFMIzUpsFRb,Stella,Detractor,1,Slightly dissatisfied,No,10956,10480
R_07zfadu43vNbftr,Victoria,Promoter,10,Neither satisfied nor dissatisfied,Uncertain,34160,10481
R_8jn7q6uvXw0qVQ9,Julian,Passive,8,Neither satisfied nor dissatisfied,Uncertain,17317,10482
R_0Asgu3XdEyA4Dch,Hudson,Detractor,6,Slightly satisfied,Uncertain,26530,10483
R_0cWT1uzSqJC1DcV,Julian,Promoter,9,Slightly dissatisfied,Uncertain,16184,10484
R_2rQXUOisdiHd9mR,Leah,Detractor,3,Extremely dissatisfied,Uncertain,34277,10485
R_6A4vLlCUr2FGyrz,Josiah,Passive,7,Slightly satisfied,Uncertain,93564,10486
R_bQuJ3O5uHp1XMm9,Anthony,Detractor,5,Neither satisfied nor dissatisfied,Uncertain,72731,10487
R_bEgqfbtrKDeYMcJ,Hudson,Detractor,3,Slightly satisfied,Uncertain,48026,10488
R_9mcwUNHDMXQnOap,Gabriel,Detractor,6,Extremely satisfied,Uncertain,11513,10489
R_9Qy7Oj5AxA3xOlL,David,Passive,8,Slightly dissatisfied,Uncertain,51142,10490
R_8GruW5uscWeJmPb,Aubrey,Detractor,1,Extremely satisfied,No,71507,10491
R_0kWK31GrO2mBRBP,Emilia,Detractor,5,Slightly satisfied,No,43501,10492
R_e2Ldih1XWsRPke9,David,Detractor,2,Extremely satisfied,Yes,62278,10493
R_0TfgbPJmE3prSQJ,David,Passive,7,Slightly satisfied,Yes,18479,10494
R_0N7kGZPur7NbeSh,Natalie,Detractor,4,Extremely satisfied,No,24768,10495
R_9uY0rK2jlhKCphz,Grayson,Promoter,10,Extremely satisfied,No,72837,10496
R_1ObFo4WNqaWzypn,Lily,Detractor,5,Extremely dissatisfied,Uncertain,39999,10497
R_emJD8Zhq6JvO6j3,Zoe,Passive,8,Neither satisfied nor dissatisfied,No,62678,10498
R_9FBH1bajPq7MDqt,Ezra,Promoter,9,Extremely satisfied,Yes,90057,10499
R_5bYPN4OFbGq4OMd,Andrew,Passive,8,Extremely dissatisfied,No,26662,10500
R_6VUUi9KzjAfhZR3,Addison,Passive,8,Neither satisfied nor dissatisfied,Yes,97429,10501
R_3eYZuLW3BZ35zGl,Stella,Passive,7,Extremely dissatisfied,Uncertain,78831,10502
R_eXKn3bNRRSxxbIp,Christopher,Detractor,0,Neither satisfied nor dissatisfied,Yes,73738,10503
R_1za3HgBm5fhtVY1,Isaac,Detractor,3,Extremely satisfied,No,14263,10504
R_0VD9vWQTaGnUSrz,Asher,Detractor,5,Extremely dissatisfied,No,15979,10505
R_8ljkeTsASK27I6F,Audrey,Passive,7,Extremely satisfied,Uncertain,15846,10506
R_b10cXXwXtq6GDfD,Josiah,Detractor,6,Extremely satisfied,Yes,78539,10507
R_9AZt214QAgp8LRj,Dylan,Detractor,5,Extremely dissatisfied,No,80767,10508
R_6X4xSFKGVqBrkWx,Grace,Detractor,4,Slightly dissatisfied,Uncertain,21635,10509
R_6tKKLC1syIaYDQ1,Leah,Detractor,6,Slightly satisfied,Uncertain,76197,10510
R_2irjkAfrS7xkMYt,Grace,Detractor,4,Slightly satisfied,No,63417,10511
R_9BnOoQTHUmWJkQl,Madison,Detractor,4,Extremely satisfied,Yes,93753,10512
R_2oij1PMa3duMtsV,Grayson,Passive,8,Neither satisfied nor dissatisfied,Uncertain,55131,10513
R_5pgErVJmNf6LAgZ,Julian,Passive,7,Neither satisfied nor dissatisfied,Uncertain,36692,10514
R_24Ov6DSMRsMFPI9,Theodore,Promoter,9,Extremely dissatisfied,Uncertain,78904,10515
R_6rKy3e5JkEgGRsF,Willow,Passive,8,Neither satisfied nor dissatisfied,Uncertain,84586,10516
R_8jIitlmWMTJBQm9,Wyatt,Promoter,10,Extremely satisfied,Yes,41228,10517
R_6u2mWQVt2Cr8vUV,Audrey,Detractor,1,Slightly satisfied,Yes,21536,10518
R_5mT0F2Bl79YeOfr,Zoey,Detractor,4,Slightly dissatisfied,Uncertain,52642,10519
R_ekEcX5D4Gv7JQHj,Lillian,Detractor,6,Extremely dissatisfied,No,79019,10520
R_6hDTqDyQ7Xce3tP,Victoria,Detractor,0,Extremely dissatisfied,No,22721,10521
R_dmAEqHUrAJkY1zT,Madison,Promoter,10,Neither satisfied nor dissatisfied,Yes,72185,10522
R_9pEosbTzQyrDf01,Hazel,Detractor,3,Slightly dissatisfied,No,34447,10523
R_3W7vnEQs7cFo3o9,Eleanor,Promoter,10,Slightly satisfied,Yes,76604,10524
R_7QICMWULvmJydal,Levi,Detractor,5,Slightly dissatisfied,Uncertain,50683,10525
R_73eLDr6AMK7fJoV,Bell,Passive,7,Extremely satisfied,Uncertain,29207,10526
R_6eVuoboSehdWOZ7,Aubrey,Detractor,2,Slightly dissatisfied,No,57833,10527
R_5sygXgljCdgopNj,Levi,Detractor,1,Extremely satisfied,Uncertain,59182,10528
R_cx3ld03JMebAmq1,Wyatt,Passive,7,Neither satisfied nor dissatisfied,Yes,94257,10529
R_ezX7EWaVTuz5xc1,Jaxon,Promoter,9,Neither satisfied nor dissatisfied,Yes,37680,10530
R_0fz57pwNp8xuojr,Zoey,Passive,8,Neither satisfied nor dissatisfied,Yes,48405,10531
R_2o9HTwDiTpYTr7L,Leah,Detractor,1,Extremely satisfied,Yes,42061,10532
R_1GkMWiJpkgzKWUZ,Isaac,Detractor,0,Slightly dissatisfied,No,20309,10533
R_5sAQLXrNhcOaDCl,Joshua,Detractor,2,Extremely satisfied,No,34790,10534
R_eS8hzDsssCn4bpH,Theodore,Detractor,4,Slightly dissatisfied,Yes,75285,10535
R_3dwjENgvDn0mrZj,Carter,Promoter,9,Neither satisfied nor dissatisfied,No,66720,10536
R_9GmJRIP3ADHiesR,Lily,Passive,7,Slightly dissatisfied,No,57657,10537
R_a446dNuiwRUaN6J,Wyatt,Detractor,3,Neither satisfied nor dissatisfied,Uncertain,45708,10538
R_8dCOB6Qvht0iTY1,Aurora,Passive,8,Slightly satisfied,No,77670,10539
R_5uJZbBsSFzz64Fn,Jayden,Detractor,1,Slightly satisfied,No,81938,10540
R_a468fdK2fULkvL7,Stella,Detractor,2,Slightly satisfied,No,64099,10541
R_aXeVzExadasGa1v,Lillian,Detractor,4,Extremely dissatisfied,Yes,15189,10542
R_eIKWgw5G3LRWpBX,Dylan,Promoter,10,Extremely satisfied,Yes,16235,10543
R_3n6CVcFehB0WyaN,Luke,Passive,7,Slightly satisfied,Yes,53618,10544
R_3XcTCbPA4bbhiZv,Zoe,Detractor,4,Extremely satisfied,Yes,31095,10545
R_7WgO0athtsWyCvb,Lucy,Passive,7,Extremely satisfied,No,83011,10546
R_byeCQizFukhm7Nr,Leo,Promoter,10,Slightly satisfied,Yes,17013,10547
R_7QmioY5xCYCIxNj,Luke,Detractor,3,Extremely dissatisfied,Uncertain,74231,10548
R_73sRH2ttDMYOxkF,Christopher,Detractor,6,Slightly satisfied,Yes,90405,10549
R_1WWIqNY5UydiQaV,Lincoln,Passive,7,Extremely satisfied,No,93303,10550
R_4V36G40kZ6hvtEV,Natalie,Passive,7,Extremely satisfied,Yes,80317,10551
R_eOHoysKaei6JX3n,Madison,Detractor,6,Neither satisfied nor dissatisfied,No,62754,10552
R_bqG5U20UAFBQ1KZ,Christopher,Passive,7,Slightly dissatisfied,No,79090,10553
R_2oE0rpmXw3CGJp3,Isaac,Promoter,9,Extremely dissatisfied,No,34061,10554
R_3DUGvAHQrywYvEF,Willow,Passive,7,Extremely dissatisfied,Yes,21933,10555
R_57uuYCbDzbTREYB,Julian,Detractor,6,Extremely dissatisfied,Uncertain,67873,10556
R_d1fZGlztsIaLTRr,Anthony,Detractor,1,Neither satisfied nor dissatisfied,No,92648,10557
R_4GBRgTWXHMFOztz,Addison,Detractor,6,Slightly satisfied,Uncertain,54859,10558
R_0AI7hgK6ruVVX9j,Riley,Detractor,3,Slightly satisfied,No,33231,10559
R_6htK834xVk3N3ZX,Audrey,Detractor,6,Extremely dissatisfied,No,45413,10560
R_eFnHbPpdoao6ay1,Lillian,Detractor,1,Slightly dissatisfied,Yes,91482,10561
R_bq1zIQHhqczZQKV,Theodore,Detractor,5,Neither satisfied nor dissatisfied,No,15969,10562
R_1RMtOndVEJf9h4N,Luke,Detractor,1,Slightly dissatisfied,Yes,98021,10563
R_2ir4621lWa43FXv,Victoria,Detractor,6,Neither satisfied nor dissatisfied,Uncertain,18179,10564
R_aWcDYNtLx3da0Bv,Jaxon,Detractor,3,Neither satisfied nor dissatisfied,Uncertain,58702,10565
R_1NdCqtPjVxZAaPz,Gabriel,Detractor,6,Slightly dissatisfied,Uncertain,43036,10566
R_em1msO2GkRmM8LP,Everly,Detractor,2,Neither satisfied nor dissatisfied,No,50128,10567
R_a3jLnwxQcNZpNSR,Stella,Detractor,3,Neither satisfied nor dissatisfied,No,94542,10568
R_bDBvPuuKuEEc6SF,Mateo,Detractor,1,Slightly satisfied,Yes,27037,10569
R_eRTPSbj8fmi9eZv,Wyatt,Detractor,3,Extremely dissatisfied,No,80565,10570
R_d5tTxLMIjrSwq3j,Zoe,Passive,8,Extremely satisfied,Yes,71159,10571
R_eWqiYGzDBHAkjzL,John,Detractor,5,Extremely dissatisfied,Uncertain,48193,10572
R_ba6PrFP0gcWvyCh,Aubrey,Detractor,6,Extremely dissatisfied,No,21773,10573
R_81EJkFMryUL8WKV,Aurora,Detractor,5,Extremely satisfied,No,51526,10574
R_dh658zC5O3RETml,Wyatt,Detractor,2,Extremely dissatisfied,Yes,47340,10575
R_2tMQi5wMwI2tRid,Everly,Promoter,9,Neither satisfied nor dissatisfied,Yes,11643,10576
R_6M5TDEbN4E6QJVP,Violet,Passive,7,Neither satisfied nor dissatisfied,Uncertain,26716,10577
R_1yHwpmeV7Fj6MBv,Willow,Detractor,2,Neither satisfied nor dissatisfied,Uncertain,67918,10578
R_9mALY45hqhl5ZVH,Riley,Passive,7,Slightly satisfied,No,42779,10579
R_6mLIXoygCN9u9Ap,Natalie,Detractor,3,Extremely dissatisfied,No,49370,10580
R_aVnQheG2hkNvLdX,Dylan,Passive,8,Extremely dissatisfied,No,55310,10581
R_brsLKa61K8tf56l,Leah,Detractor,2,Slightly satisfied,No,18036,10582
R_1AI9i8LCNNv5Bit,Nora,Detractor,3,Neither satisfied nor dissatisfied,Uncertain,30998,10583
R_9GK2IvyS3lje3gF,Zoe,Detractor,4,Neither satisfied nor dissatisfied,Yes,31247,10584
R_3Kr9joTXBii1cG1,Aubrey,Detractor,6,Extremely satisfied,Yes,67044,10585
R_5tKBi03fdbuqH3v,Christopher,Detractor,5,Extremely dissatisfied,No,13770,10586
R_3C1KOLbltRVsGHj,Gabriel,Passive,8,Neither satisfied nor dissatisfied,Uncertain,64374,10587
R_6YGxVrWPWNOl8ah,Lillian,Passive,7,Extremely satisfied,Uncertain,13988,10588
R_8HbnLO9yTmSheN7,John,Detractor,4,Slightly dissatisfied,Uncertain,80618,10589
R_egMzeouWnS75HFj,Luke,Detractor,0,Extremely satisfied,Uncertain,87714,10590
R_1AAPRRJxYORvepn,Christopher,Detractor,0,Extremely satisfied,Uncertain,42304,10591
R_2iqY2Gh3EO3eWt7,Thomas,Detractor,6,Slightly dissatisfied,Yes,33402,10592
R_digAuT62T1TkelT,Riley,Detractor,2,Neither satisfied nor dissatisfied,Uncertain,44609,10593
R_7UwyB18ehK0ursN,Andrew,Detractor,2,Extremely satisfied,Uncertain,73886,10594
R_eezT4KTgU9dlFhH,Andrew,Passive,7,Slightly dissatisfied,Uncertain,14072,10595
R_0pudxFUR0w98MGV,Riley,Detractor,3,Extremely dissatisfied,No,52810,10596
R_6zcUrIoErEne4pn,Audrey,Passive,7,Extremely dissatisfied,Yes,17362,10597
R_1NRfcdeYFqQsbqt,Anthony,Passive,8,Slightly dissatisfied,No,17898,10598
R_2ivDRWeH4agSSHz,Lucy,Detractor,5,Slightly satisfied,Yes,50064,10599
R_entUMU3Rz4jkkT3,Hudson,Detractor,4,Slightly satisfied,No,34802,10600
R_a4UaINRZAuFulWR,Leo,Passive,7,Slightly satisfied,Yes,61506,10601
R_3EFpcscl8tsD5Hf,Lincoln,Passive,7,Slightly satisfied,Uncertain,67558,10602
R_09hFcIpkXhQ6fBj,Lucy,Detractor,0,Extremely dissatisfied,No,69504,10603
R_0PTQvVyIaYDwlBX,Levi,Detractor,5,Extremely dissatisfied,Yes,48015,10604
R_bQJryya7wQzA4EB,David,Detractor,6,Slightly satisfied,No,94795,10605
R_bxwYGH15QfgZOa9,Anthony,Detractor,6,Neither satisfied nor dissatisfied,Uncertain,90228,10606
R_bpyzFJ71lwPWbzL,Everly,Detractor,5,Extremely dissatisfied,Yes,30545,10607
R_1YsQ8ZofqB1GA5f,Zoe,Detractor,3,Neither satisfied nor dissatisfied,No,21913,10608
R_2blJa11l6wDFW7P,Aurora,Promoter,9,Neither satisfied nor dissatisfied,Yes,82115,10609
R_0uelprZwoE26ur3,Levi,Detractor,4,Neither satisfied nor dissatisfied,No,76003,10610
R_cHkkqoOF4ptg497,Violet,Promoter,10,Extremely satisfied,No,79104,10611
R_br6WBPuaICDK1vL,Josiah,Detractor,5,Extremely dissatisfied,No,96679,10612
R_1FhNMUZKBdbwvOd,Willow,Promoter,9,Extremely dissatisfied,Uncertain,75375,10613
R_3shgu2Vi6tQd24Z,Hudson,Promoter,10,Slightly satisfied,Yes,88992,10614
R_9vmtgt8Anw8obOJ,Violet,Detractor,2,Slightly satisfied,Yes,33229,10615
R_cMGMUlzNmozAizz,Dylan,Detractor,4,Extremely dissatisfied,No,73507,10616
R_8qRF2jahRM3Atnv,Everly,Detractor,5,Neither satisfied nor dissatisfied,Uncertain,38207,10617
R_cRSqpmy5Ajv3qLP,Nora,Detractor,0,Slightly satisfied,No,38187,10618
R_2ofnhFWTBAnZjoh,Luke,Promoter,9,Extremely satisfied,Uncertain,30015,10619
R_41LAlRNqUJovDTv,Nora,Detractor,0,Extremely satisfied,No,37348,10620
R_b3Ib7lRxflqNgwZ,Lily,Promoter,10,Extremely dissatisfied,Uncertain,70865,10621
R_6rlJUKFcPbEBsfH,Natalie,Promoter,10,Extremely satisfied,Uncertain,31313,10622
R_6Eg7JCAYu8yZXlX,Zoey,Promoter,10,Extremely dissatisfied,Uncertain,71618,10623
R_5A3KYb36YHkrDhP,Ellie,Detractor,0,Slightly satisfied,Yes,70359,10624
R_bPoIZisWqKqikfP,Zoe,Detractor,1,Slightly satisfied,Uncertain,12979,10625
R_6EcR8C2vtKSWNvv,Violet,Detractor,6,Neither satisfied nor dissatisfied,Yes,26501,10626
R_5uQt5mFz6h68OSp,Eleanor,Passive,8,Neither satisfied nor dissatisfied,Yes,88340,10627
R_bsdIQma2gauEbCR,Audrey,Passive,8,Slightly satisfied,Yes,32619,10628
R_2rji7jnknMNgw4J,Wyatt,Passive,7,Neither satisfied nor dissatisfied,Uncertain,69700,10629
R_6fyUZVEzsfHWqxf,Carter,Detractor,0,Slightly satisfied,Yes,89160,10630
R_8nXxEoenzRDAJlX,Hannah,Detractor,5,Slightly satisfied,Uncertain,69111,10631
R_6mmQn6bJvpKyF9P,Grayson,Detractor,0,Extremely satisfied,Uncertain,26412,10632
R_2r9COQZF360HpuB,Jaxon,Detractor,2,Slightly satisfied,Yes,82891,10633
R_agS7xx9XmVVU2tT,Bell,Promoter,9,Slightly satisfied,No,19339,10634
R_eFnSHU07ELl83xX,Gabriel,Passive,7,Extremely dissatisfied,Yes,26901,10635
R_6P8PdanPFGs8gbb,David,Promoter,9,Neither satisfied nor dissatisfied,Yes,20926,10636
R_78a6jwgqXYXk1aR,Anthony,Passive,8,Slightly dissatisfied,Yes,55771,10637
R_1zihZUQg4oQzdHL,Wyatt,Promoter,10,Neither satisfied nor dissatisfied,Uncertain,76174,10638
R_cXWx8U7fAR5GdAF,Nora,Detractor,2,Extremely satisfied,No,77618,10639
R_eOOZaEANVFhWGH3,Lily,Detractor,5,Slightly satisfied,Yes,45311,10640
R_3HIOObpt4dvpD5r,Audrey,Passive,8,Extremely dissatisfied,Yes,36424,10641
R_a8LBaJCpHr3k2Hj,Lucy,Detractor,4,Extremely dissatisfied,Uncertain,47976,10642
R_6RIDQst6izRaFxP,Leo,Passive,8,Slightly satisfied,No,87012,10643
R_4ShOoNH5bDC4i8t,Nora,Detractor,4,Neither satisfied nor dissatisfied,Uncertain,92976,10644
R_8dDKhTmEfa0uBwh,Nora,Promoter,10,Neither satisfied nor dissatisfied,Yes,56677,10645
R_42RPkWBn5YmRgA5,Violet,Detractor,0,Slightly satisfied,Yes,78682,10646
R_56C200bi0DSpunP,Stella,Detractor,0,Slightly dissatisfied,No,52249,10647
R_7TCn2pJ3bTnJy05,Christopher,Detractor,1,Extremely dissatisfied,Yes,70254,10648
R_3Pn9bvEz3ZAwt2B,Lillian,Passive,7,Extremely dissatisfied,Uncertain,13984,10649
R_2sGKNG1wPdZXPp3,Lucy,Detractor,1,Slightly dissatisfied,No,85808,10650
R_etUCysyzUcqqrUF,Lincoln,Detractor,6,Slightly satisfied,No,46736,10651
R_80tm1CoixlYrblH,Gabriel,Detractor,6,Extremely dissatisfied,No,14623,10652
R_56jj2VwE8OQZsih,Asher,Detractor,4,Extremely dissatisfied,No,19715,10653
R_dmzE2M4RFw6DijH,Eleanor,Detractor,2,Slightly dissatisfied,Yes,27392,10654
R_2iCtCBuK5ny5DRH,Hazel,Passive,8,Slightly dissatisfied,Uncertain,90307,10655
R_b90280aB9jYD2oR,Victoria,Detractor,2,Slightly satisfied,Uncertain,90359,10656
R_bJAFGv45owtd6ZL,Nora,Passive,8,Slightly dissatisfied,No,94543,10657
R_3OiEHWJmzzIEIqp,Willow,Detractor,5,Slightly dissatisfied,Yes,83348,10658
R_bpYuW3zUmGpD7tX,Christopher,Detractor,3,Neither satisfied nor dissatisfied,No,42969,10659
R_eeQQ2XgHJKyj0H3,Anthony,Passive,8,Slightly dissatisfied,No,61577,10660
R_ahl0LszAAQAw2xL,Levi,Detractor,3,Extremely satisfied,Yes,84670,10661
R_dmbMMtdSv6zERKd,Theodore,Passive,7,Extremely dissatisfied,No,96972,10662
R_86oqG71rtKX4Ds1,Levi,Detractor,5,Extremely dissatisfied,Uncertain,62386,10663
R_bPWy7V7Z5aGhwZn,Ezra,Passive,8,Slightly dissatisfied,Yes,63261,10664
R_2s3dOZWB5uInVRP,Josiah,Detractor,3,Extremely dissatisfied,No,16510,10665
R_cNiWOiBm7Q3rngx,Jaxon,Detractor,4,Slightly satisfied,Yes,91260,10666
R_6Dvn2yHctE74cdf,Victoria,Promoter,10,Neither satisfied nor dissatisfied,Uncertain,11940,10667
R_8kzQXvC08LUjr6d,Lillian,Passive,7,Extremely satisfied,Yes,36586,10668
R_3PKuFEEAuYJZlE9,Grace,Detractor,2,Extremely dissatisfied,Uncertain,19653,10669
R_8G4psBFQzh5snat,Aubrey,Passive,8,Slightly dissatisfied,Uncertain,26732,10670
R_cZMXjzXVbcephsh,Hannah,Passive,8,Slightly satisfied,No,16761,10671
R_abegwsProcc9Srr,Carter,Detractor,1,Extremely dissatisfied,Uncertain,39040,10672
R_6JU2JeiurLmNQuF,Levi,Detractor,6,Slightly satisfied,Yes,40831,10673
R_eLlFoKLf816JuSh,Lillian,Detractor,3,Slightly dissatisfied,Uncertain,64018,10674
R_b8e7vfIiORqIkLz,Isaac,Detractor,1,Extremely dissatisfied,Uncertain,29401,10675
R_6gmA859v7QmuOJn,Carter,Detractor,0,Extremely satisfied,Uncertain,37273,10676
R_0f6UQTdRBuXu94p,Anthony,Passive,7,Extremely dissatisfied,Yes,40108,10677
R_0wHoXCS0Kuzj3Dv,Eleanor,Detractor,2,Neither satisfied nor dissatisfied,Uncertain,56393,10678
R_cvjzRRrcwbdxqh7,Leo,Detractor,0,Extremely satisfied,No,69617,10679
R_aXDQyFpoPyWiPiZ,Ellie,Detractor,3,Neither satisfied nor dissatisfied,Yes,62687,10680
R_ehz07YONelrTmlL,Addison,Detractor,1,Extremely dissatisfied,No,63812,10681
R_b92V85syxg2Dsup,Jayden,Passive,8,Slightly satisfied,No,85352,10682
R_5vtMmJ4hIyOJvPD,Ellie,Detractor,2,Neither satisfied nor dissatisfied,No,36984,10683
R_bKrUGAI5QihTEUJ,David,Detractor,3,Slightly dissatisfied,No,75023,10684
R_5nhDtIZjqrPz7O5,Asher,Detractor,0,Extremely satisfied,Yes,86796,10685
R_bw3RGocMEU0Qz09,Zoe,Detractor,3,Extremely satisfied,No,53208,10686
R_9Ani0SD1xJmNIq1,Eleanor,Detractor,1,Slightly satisfied,Uncertain,25971,10687
R_1XF28mFm0CuhUPz,Willow,Passive,8,Slightly satisfied,Uncertain,15032,10688
R_3jy2ZsTqkn7zWeN,Andrew,Passive,8,Slightly satisfied,No,14115,10689
R_8H3BvsDh3ci2k7z,Leo,Detractor,0,Extremely satisfied,No,30491,10690
R_23LRs4vBO44eNRb,Hudson,Passive,8,Neither satisfied nor dissatisfied,Yes,94159,10691
R_2uihW5fY8YWiCEt,Addison,Detractor,1,Slightly satisfied,Yes,68965,10692
R_eqRBmNHl01HF80d,Josiah,Passive,8,Slightly dissatisfied,Yes,96984,10693
R_aVviki9H7r0NqSx,Andrew,Detractor,3,Slightly dissatisfied,Uncertain,25678,10694
R_26pWxP7evSeIlBH,Willow,Detractor,6,Slightly satisfied,No,73136,10695
R_e9EETM9W2s3jPLL,Anthony,Passive,7,Extremely satisfied,No,40532,10696
R_9tycn8Nl8W521Pn,Christopher,Detractor,2,Slightly satisfied,No,42971,10697
R_eUKo18I4Oojkij3,Nora,Promoter,9,Extremely dissatisfied,No,56520,10698
R_1U1KrAD6yJFLbjT,Dylan,Detractor,5,Neither satisfied nor dissatisfied,No,42363,10699
R_0MJkIF0MRpCVMXP,Thomas,Passive,8,Slightly dissatisfied,Uncertain,34421,10700
R_cTKw76NNRhdASAl,Aubrey,Detractor,5,Extremely satisfied,Uncertain,47869,10701
R_1IcFAH947nez7BX,Addison,Detractor,6,Slightly satisfied,Yes,84216,10702
R_9og9BSMrbct4RE1,Victoria,Detractor,4,Neither satisfied nor dissatisfied,Yes,42172,10703
R_018uJIn6tWj7dnT,Madison,Passive,8,Extremely satisfied,Uncertain,57543,10704
R_4HNR2niX2pOh8CF,Eleanor,Detractor,0,Slightly dissatisfied,Yes,82972,10705
R_6JR8JdkDxOxU0FT,Emilia,Promoter,9,Slightly satisfied,Uncertain,88748,10706
R_0OfAElJLmIUSMZv,Madison,Detractor,6,Extremely satisfied,No,89594,10707
R_41nxlWlcwz4ODFr,Riley,Promoter,10,Slightly satisfied,Yes,98172,10708
R_eeULBh2wL8CRwwZ,Wyatt,Detractor,6,Extremely dissatisfied,Uncertain,63939,10709
R_4Ux3QmdHNu2nzBb,Hudson,Promoter,10,Extremely satisfied,No,65832,10710
R_3TNSDFVuMj4EuMZ,Ezra,Detractor,5,Slightly satisfied,Uncertain,40647,10711
R_bpSsyN6hcSaOUCh,Willow,Detractor,0,Extremely dissatisfied,Uncertain,33393,10712
R_dhBNdvfLXz1XMJT,Zoey,Passive,8,Extremely satisfied,Yes,80178,10713
R_37SYmFbwtnkGaDb,Thomas,Passive,7,Slightly satisfied,Yes,83777,10714
R_a4wAptN6SDjzpEF,Aurora,Detractor,0,Extremely satisfied,No,32248,10715
R_cvaLmhQaZvsoycB,Leah,Detractor,0,Extremely satisfied,Yes,84030,10716
R_3rPgtsBYIZVrcjj,Wyatt,Detractor,1,Slightly satisfied,Uncertain,92246,10717
R_2b2HquFSarccxVz,Jayden,Promoter,10,Extremely satisfied,Uncertain,60621,10718
R_9BO1tAB6j0qS1dr,Addison,Detractor,1,Extremely satisfied,Uncertain,66133,10719
R_79RvzIobPNd6XlP,Stella,Detractor,5,Extremely dissatisfied,Yes,62584,10720
R_6rsP4PTMDDuVdZ3,Luke,Detractor,2,Slightly satisfied,No,37654,10721
R_5pavraZabrEilyl,Mateo,Detractor,6,Neither satisfied nor dissatisfied,Uncertain,57202,10722
R_9FxzOEKccmLI4kZ,Christopher,Detractor,0,Neither satisfied nor dissatisfied,Yes,45323,10723
R_cG7eQsNSclfJZFH,Violet,Detractor,0,Slightly dissatisfied,No,86604,10724
R_aWNeQk1RjDU1cEZ,Grace,Detractor,2,Extremely satisfied,Yes,36633,10725
R_3seF1uVWAww1cjP,Julian,Detractor,6,Slightly satisfied,Uncertain,26117,10726
R_aW4cFUyiQ6GORIF,Jaxon,Detractor,4,Extremely satisfied,Uncertain,78604,10727
R_babP4DSjAqXuQBL,Grace,Detractor,5,Slightly dissatisfied,Uncertain,44707,10728
R_bCQEp9jLnYGaSxf,Ellie,Promoter,9,Extremely satisfied,Uncertain,75548,10729
R_0Aqy8RyA4eRKWsB,Aubrey,Detractor,0,Slightly satisfied,Uncertain,85740,10730
R_8p2MjvAbbAED33D,Natalie,Passive,7,Extremely satisfied,No,16300,10731
R_6zljrGtzsaIsO4l,Carter,Detractor,5,Slightly satisfied,Uncertain,65297,10732
R_2oCEucozMQuyrrL,Levi,Detractor,0,Extremely satisfied,Yes,77146,10733
R_25jFL55LJ86hJrv,Addison,Detractor,1,Slightly dissatisfied,No,25287,10734
R_2952sQ7Cbl18Vtr,Aubrey,Detractor,5,Extremely satisfied,No,54941,10735
R_3Pr5ppBEt7X1nDv,Victoria,Promoter,9,Slightly satisfied,No,49565,10736
R_6G9uuGs373B096J,Jayden,Detractor,1,Neither satisfied nor dissatisfied,Yes,47331,10737
R_bKj75F59z77NDRX,Bell,Promoter,9,Extremely satisfied,Yes,92087,10738
R_6mv9l0G0bQ0i6Sp,Hannah,Passive,7,Extremely dissatisfied,Yes,63079,10739
R_8c4e1ImbAXgdTdX,Ezra,Detractor,3,Neither satisfied nor dissatisfied,Uncertain,65194,10740
R_1BWfS7W8GkSFqLj,Anthony,Detractor,3,Neither satisfied nor dissatisfied,No,41140,10741
R_bHDwid5hPlWrYUd,Carter,Detractor,1,Neither satisfied nor dissatisfied,Uncertain,39852,10742
R_efCRRiL3LAV93Zr,Hudson,Detractor,4,Neither satisfied nor dissatisfied,No,65453,10743
R_41qPWfXety4RRiJ,Nora,Detractor,4,Extremely satisfied,No,34273,10744
R_8kKzfFD2HHU0bRj,Grayson,Detractor,4,Extremely satisfied,No,88623,10745
R_6QKaFDSzi7eX5E9,John,Detractor,4,Extremely satisfied,Yes,75862,10746
R_bOUmYB7LhwIpS5L,Anthony,Detractor,0,Slightly dissatisfied,Yes,27123,10747
R_43mSdDxk48RhnIF,Zoey,Detractor,3,Neither satisfied nor dissatisfied,No,65368,10748
R_2aBtjsVS5r0h4PP,Eleanor,Detractor,5,Neither satisfied nor dissatisfied,No,91483,10749
R_dhAIn8VPXsO0VSt,Nora,Detractor,4,Extremely dissatisfied,Yes,62739,10750
R_4NmhfM2UAPGLfsF,Audrey,Detractor,1,Slightly satisfied,Yes,84491,10751
R_7afH0NIe1AAQfGJ,Grayson,Detractor,1,Neither satisfied nor dissatisfied,Uncertain,13981,10752
R_4NNUq4zkXahcOkB,Everly,Detractor,0,Slightly dissatisfied,No,10839,10753
R_9MM1D369j1IUFpz,Joshua,Promoter,9,Neither satisfied nor dissatisfied,Uncertain,83004,10754
R_8IyU99Y5A7WHcwt,Natalie,Detractor,2,Extremely dissatisfied,Uncertain,60998,10755
R_8B2Cp0GRsVjvxbL,Isaac,Detractor,6,Slightly dissatisfied,Uncertain,32977,10756
R_9AAJopGNWUumIxn,Hazel,Detractor,6,Extremely satisfied,No,24384,10757
R_eDpKkeW1QKx8SmV,Wyatt,Detractor,2,Neither satisfied nor dissatisfied,Uncertain,91387,10758
R_egFfzlWS5mnW4UR,Gabriel,Detractor,2,Extremely satisfied,No,82101,10759
R_1Ty7wDhgfVfjKu1,Christopher,Detractor,3,Extremely dissatisfied,No,83857,10760
R_022fjuW8DK4s1aB,Jaxon,Promoter,10,Slightly satisfied,No,93522,10761
R_50W0Nttk5V5SPTn,Everly,Detractor,1,Neither satisfied nor dissatisfied,Yes,59981,10762
R_9tnLnQjyua62hSd,Emilia,Promoter,9,Slightly satisfied,Yes,94821,10763
R_9N1XWj1tFxqqrgV,Madison,Promoter,9,Neither satisfied nor dissatisfied,Uncertain,83937,10764
R_005St1VXdtMhDYV,Leo,Promoter,9,Extremely dissatisfied,Uncertain,76821,10765
R_9LZ7AoDHTxHKu8J,Luke,Promoter,9,Slightly dissatisfied,Yes,84456,10766
R_7R05RPEn9rj802F,Lucy,Detractor,2,Slightly dissatisfied,Yes,91408,10767
R_3vLHTMmp3GZlAtT,Audrey,Detractor,4,Extremely dissatisfied,No,28848,10768
R_51DUSOUAcWx6GYB,Asher,Detractor,1,Extremely satisfied,Yes,60521,10769
R_42eH7m4shOJD2Xb,Emilia,Detractor,2,Slightly satisfied,Yes,65140,10770
R_2tKetj6sV76yuwd,Riley,Promoter,10,Slightly dissatisfied,Yes,44786,10771
R_efcCgNRnONqDthr,Zoe,Passive,7,Extremely dissatisfied,No,51892,10772
R_d6Zi3l1O54cVuw5,Madison,Detractor,4,Slightly satisfied,Yes,93749,10773
R_1R2Jq9lH60wDD2l,Aubrey,Detractor,2,Slightly dissatisfied,Uncertain,76754,10774
R_ewFdZUyhW3k7dpb,Ezra,Detractor,2,Neither satisfied nor dissatisfied,No,55825,10775
R_0vLp07EaZ9uVqXb,Lily,Promoter,10,Slightly dissatisfied,Uncertain,98764,10776
R_2mYhhflRZxlqAhD,Joshua,Passive,7,Extremely satisfied,Uncertain,96626,10777
R_3W2UHe7oWwS9ZuB,Hazel,Detractor,0,Slightly dissatisfied,Yes,48953,10778
R_7Pw34cULuR0s7T7,Riley,Detractor,6,Neither satisfied nor dissatisfied,Yes,75591,10779
R_cXQMcSWLsicN71z,Lily,Detractor,0,Slightly dissatisfied,No,83776,10780
R_4T5YsPGbyV7FOFT,Ezra,Passive,7,Extremely satisfied,Yes,78137,10781
R_9nyfqR7wpsjNfdH,Mateo,Detractor,4,Slightly satisfied,Yes,66186,10782
R_832G4DUFaG8JNXf,Willow,Promoter,10,Slightly satisfied,No,52733,10783
R_bsysnDWpsWVVhvD,Hudson,Detractor,2,Extremely dissatisfied,No,64223,10784
R_5arbnXazpQ6209T,Mateo,Detractor,3,Extremely dissatisfied,Yes,32242,10785
R_eqHn1iEpDIUQrg9,Lincoln,Detractor,4,Extremely satisfied,No,88798,10786
R_5h8c7Fw3jUSLxGt,Eleanor,Promoter,9,Extremely satisfied,No,14503,10787
R_7X97EAAupF50Zzn,Mateo,Detractor,0,Slightly satisfied,Yes,41250,10788
R_efyKFwsseX3KinX,Lily,Detractor,0,Extremely dissatisfied,Yes,76168,10789
R_eFMyJWqL7OCU15r,Dylan,Detractor,6,Extremely satisfied,No,54872,10790
R_9zwlCTJ3kO6iK8Z,Riley,Detractor,6,Slightly satisfied,No,91609,10791
R_4H3bnR1RM1POA9T,Lily,Passive,8,Slightly satisfied,Uncertain,43209,10792
R_4PAQPveFeTaVJ5j,Mateo,Detractor,2,Extremely dissatisfied,No,91221,10793
R_2uaAOkUNcGbbRiJ,Zoe,Detractor,6,Slightly satisfied,No,38311,10794
R_1GFxQj50cUB20Ml,Riley,Detractor,6,Neither satisfied nor dissatisfied,No,90862,10795
R_9uh8MLSsxkE5HxP,Ezra,Detractor,1,Slightly satisfied,Uncertain,96943,10796
R_6PBPVOIYBBXJDmt,David,Detractor,0,Extremely dissatisfied,No,44170,10797
R_7TBclDac5CsFs2h,Jaxon,Detractor,3,Neither satisfied nor dissatisfied,Yes,45016,10798
R_8vHRYO07AO9pBm5,Riley,Passive,8,Slightly dissatisfied,No,83393,10799
R_bgcjKmyzpr0L14h,Andrew,Detractor,2,Slightly satisfied,Yes,86185,10800
R_8eM3AGWmtnbUMN7,Jayden,Detractor,1,Extremely dissatisfied,No,57156,10801
R_5A5pAgqoxMdpNg9,Andrew,Detractor,4,Slightly satisfied,Yes,29639,10802
R_e9FqRq4Kc5HG6FL,Addison,Detractor,2,Extremely satisfied,No,79958,10803
R_2hEnW495gNy6wFT,John,Detractor,3,Slightly dissatisfied,Uncertain,30740,10804
R_2bDB2PsfPQGPILr,Mateo,Promoter,10,Extremely dissatisfied,Uncertain,45128,10805
R_8pEtsm8xDZgNgaN,Christopher,Passive,8,Extremely satisfied,No,38573,10806
R_9uwz72vtHUoW8kd,Willow,Detractor,4,Extremely satisfied,Yes,86783,10807
R_ezXqa4pS8C272Ad,Andrew,Detractor,6,Neither satisfied nor dissatisfied,Yes,63655,10808
R_72vh9OPUXQ3zlOJ,Ellie,Passive,7,Neither satisfied nor dissatisfied,No,63192,10809
R_bIywb3cER58LMeF,Audrey,Detractor,5,Slightly satisfied,No,67548,10810
R_25prNLnh76Jogtv,Leo,Detractor,2,Extremely satisfied,Yes,92035,10811
R_b1kBWdMn8FCribr,Leo,Detractor,6,Extremely satisfied,No,92111,10812
R_9YqseQxG20p26AB,Grayson,Detractor,5,Slightly dissatisfied,Uncertain,35594,10813
R_d6zWB9mO498iiwt,Christopher,Detractor,4,Extremely dissatisfied,Yes,45036,10814
R_eLJDLDcLRq0ET7D,Christopher,Detractor,0,Neither satisfied nor dissatisfied,Uncertain,59199,10815
R_037piBboGMUr6vP,Grace,Detractor,2,Slightly satisfied,No,62071,10816
R_1AkvpibgnJ58mmp,Joshua,Detractor,4,Neither satisfied nor dissatisfied,No,69763,10817
R_0r2rqzUHiBquSBn,Grace,Promoter,9,Extremely dissatisfied,No,40486,10818
R_4THAyGrmvq3reg5,Everly,Promoter,10,Extremely satisfied,No,77354,10819
R_40BFM4F5CxzeeBD,Riley,Detractor,6,Extremely satisfied,Uncertain,70158,10820
R_3OhJecBPDrPLoFf,Lillian,Detractor,0,Slightly satisfied,No,21566,10821
R_0vslvaqVsc3UfOJ,David,Detractor,2,Slightly satisfied,Yes,71312,10822
R_diK8VBwxMA5BPFj,Ezra,Detractor,6,Extremely dissatisfied,Yes,47484,10823
R_4Sg7uPuP6Gx9SPX,Ezra,Detractor,6,Extremely dissatisfied,No,57682,10824
R_23QnsxHgy30SCsB,Gabriel,Promoter,9,Extremely dissatisfied,Uncertain,40181,10825
R_86VR0VUS9IUBGtL,Grayson,Detractor,6,Neither satisfied nor dissatisfied,Uncertain,18946,10826
R_1ApsnBmPxWy3GnP,Lillian,Detractor,1,Slightly dissatisfied,Uncertain,59996,10827
R_5nIC56tmFUyw9CZ,Grace,Detractor,5,Neither satisfied nor dissatisfied,Yes,50382,10828
R_bIPOiJMKy8Z3br7,Willow,Promoter,10,Extremely dissatisfied,Yes,25641,10829
R_esNrwGk7OxRY7v7,Victoria,Detractor,3,Slightly dissatisfied,Uncertain,22919,10830
R_8iU6XJwuhtvpRul,Dylan,Detractor,1,Extremely satisfied,Uncertain,18243,10831
R_b7P3GdCTIf8Fi3r,Willow,Promoter,9,Slightly dissatisfied,Uncertain,74654,10832
R_5AvKmYdwXKgywHr,Willow,Detractor,2,Extremely dissatisfied,No,88610,10833
R_ehRygsOrRyredJr,Lincoln,Promoter,10,Neither satisfied nor dissatisfied,Uncertain,14103,10834
R_6GpvYjD1nLjCmpL,Zoey,Detractor,5,Slightly satisfied,Yes,23589,10835
R_7QcwHDe9nD8COHj,Victoria,Detractor,5,Extremely satisfied,Yes,98943,10836
R_4Py3JpUurl2DsLr,Nora,Detractor,1,Slightly satisfied,Uncertain,21104,10837
R_2lbdbkzzO8DveSN,Bell,Passive,8,Slightly dissatisfied,Uncertain,80689,10838
R_d6WAKVOfIc2HWWV,Madison,Detractor,4,Extremely dissatisfied,Yes,14779,10839
R_8Ju5aifNVIAR5Bj,Christopher,Detractor,5,Extremely dissatisfied,No,35473,10840
R_bwkhQW9E02dxK2V,Bell,Detractor,2,Extremely satisfied,Yes,14422,10841
R_231dQkHq9OykO2N,Leo,Detractor,2,Extremely dissatisfied,Yes,99197,10842
R_bfv2Nx2Z0HfC1Fz,Thomas,Promoter,9,Extremely satisfied,Yes,94160,10843
R_e2w2ZQTjBerWcN7,Thomas,Detractor,0,Slightly dissatisfied,No,74905,10844
R_bqtbU45lWekNwPz,Bell,Promoter,10,Neither satisfied nor dissatisfied,No,69345,10845
R_ai94iTbaUL7MPpb,Grace,Detractor,3,Slightly satisfied,Uncertain,73730,10846
R_bQQd99EaHtdnMB7,Mateo,Detractor,3,Extremely satisfied,No,87951,10847
R_bqHBcoyw4AWb6FD,Gabriel,Passive,7,Extremely dissatisfied,Yes,89778,10848
R_79CRym5OsqFbtiJ,Grace,Detractor,3,Extremely satisfied,Uncertain,70201,10849
R_9SkK7nHRtDlZSAt,Zoey,Detractor,1,Slightly satisfied,Yes,58869,10850
R_bIx3719r66ZS0PX,Grace,Promoter,10,Neither satisfied nor dissatisfied,Yes,48633,10851
R_88IbRzWiz7jKtZr,Leo,Detractor,6,Slightly satisfied,Uncertain,60089,10852
R_3KjSrOpRQT959w9,Dylan,Detractor,0,Extremely dissatisfied,No,73547,10853
R_3l90RuOGCAYoE5v,Luke,Promoter,9,Extremely satisfied,Yes,49612,10854
R_ahio0oaXxgBqFRX,Riley,Detractor,1,Slightly satisfied,No,65726,10855
R_3kjvEOw4JE6k77D,Hannah,Detractor,4,Neither satisfied nor dissatisfied,Yes,86242,10856
R_5sRv3U5EMxDV75r,John,Detractor,2,Slightly satisfied,No,79149,10857
R_3P2xT5bQ2cC8hLL,Dylan,Passive,8,Slightly dissatisfied,No,58777,10858
R_81jDRZq5N7Sv9v7,Jaxon,Detractor,1,Neither satisfied nor dissatisfied,Uncertain,17547,10859
R_6l3Ps4O7qQI0dHn,Ezra,Passive,8,Slightly dissatisfied,Yes,59653,10860
R_bDcs6Rmr1cRAK3j,Andrew,Passive,7,Extremely dissatisfied,No,98140,10861
R_dbzgqqjJDipk3Rz,Nora,Detractor,1,Neither satisfied nor dissatisfied,No,57758,10862
R_enDge0kMMfA4UV7,Natalie,Promoter,10,Extremely satisfied,Uncertain,10425,10863
R_bwKt1IVtP6ts269,Joshua,Detractor,5,Slightly satisfied,No,54239,10864
R_bwj85wp9rI5wR8x,Emilia,Detractor,5,Neither satisfied nor dissatisfied,Uncertain,85517,10865
R_9X43smqbr7nGPzL,Joshua,Detractor,0,Slightly dissatisfied,No,12866,10866
R_1AeS8YCfiAl6ngp,Dylan,Detractor,6,Neither satisfied nor dissatisfied,Yes,91206,10867
R_5ztfAafKTx5yROB,Leo,Promoter,9,Neither satisfied nor dissatisfied,No,72808,10868
R_7NIPP5KzGYbCEdL,Theodore,Detractor,0,Slightly dissatisfied,Yes,45441,10869
R_1N5cUWgzLWpHZIx,Joshua,Detractor,0,Extremely dissatisfied,Uncertain,13266,10870
R_50bUJHWPxKnM485,Leo,Detractor,5,Slightly satisfied,Yes,34906,10871
R_2b4fXA8PLJb01aR,Jaxon,Detractor,2,Extremely satisfied,No,55431,10872
R_0jr3bEg8eqW1N1r,Everly,Detractor,3,Extremely satisfied,Uncertain,57430,10873
R_bdZbaxSyfErpQPz,Julian,Passive,7,Neither satisfied nor dissatisfied,No,20130,10874
R_2fN1OmDv0QCiPhX,Grace,Passive,7,Slightly satisfied,Yes,70262,10875
R_dp5vRmqd8xYs5vv,Asher,Detractor,3,Slightly satisfied,Uncertain,77574,10876
R_bOdTlcibl1q8anX,Grayson,Detractor,4,Neither satisfied nor dissatisfied,Yes,36445,10877
R_6PhMOE6hJWhfH93,Madison,Detractor,5,Extremely dissatisfied,Uncertain,19735,10878
R_1U3cGhA1MEP7LQF,Stella,Passive,7,Neither satisfied nor dissatisfied,Uncertain,48519,10879
R_0NV6aRiyemMIPfD,Nora,Promoter,9,Neither satisfied nor dissatisfied,Yes,87125,10880
R_2bqwqBNQqHtdWmN,Lucy,Detractor,1,Neither satisfied nor dissatisfied,Yes,63747,10881
R_2rDBirR8VnZSsND,John,Detractor,6,Slightly satisfied,No,74300,10882
R_9QQUCZX6gA6rG9n,Anthony,Passive,7,Neither satisfied nor dissatisfied,Uncertain,40959,10883
R_3ltTKWflVvyJ3dH,Nora,Detractor,0,Slightly dissatisfied,Uncertain,43697,10884
R_emkcLBPkjtQtglD,Christopher,Detractor,6,Extremely satisfied,No,60779,10885
R_cIN3zLMlZajo7g9,Wyatt,Detractor,2,Slightly dissatisfied,Yes,80353,10886
R_3gAjN3SCwn7QN9j,Hudson,Promoter,9,Slightly satisfied,Uncertain,59845,10887
R_55BiMVWwFhgbp7n,Audrey,Detractor,6,Slightly dissatisfied,No,28946,10888
R_3qSN3QrWkQcfNCR,Theodore,Passive,8,Extremely satisfied,Uncertain,51032,10889
R_0PdyIaOQY3mQOnX,Grace,Detractor,3,Extremely dissatisfied,No,51679,10890
R_9yIisTxKJop22Sp,Lily,Detractor,3,Neither satisfied nor dissatisfied,No,39510,10891
R_3Q7scKPbEMJbCe1,Grayson,Detractor,6,Neither satisfied nor dissatisfied,No,98848,10892
R_brA84jQB5g8jT5X,Victoria,Detractor,2,Slightly dissatisfied,No,28750,10893
R_aVMCEf3T7jwuQ97,Joshua,Passive,7,Slightly satisfied,Uncertain,13802,10894
R_3DzhIx9hsYMXr5H,Lucy,Detractor,0,Slightly dissatisfied,Uncertain,58636,10895
R_2h5jXGYdXO9fPp3,Ellie,Passive,8,Extremely dissatisfied,Uncertain,91244,10896
R_02hbZRv7d7QyjU9,Gabriel,Promoter,10,Extremely satisfied,Uncertain,92447,10897
R_7PpL4aWhKCt0BlX,Everly,Detractor,5,Neither satisfied nor dissatisfied,Yes,41117,10898
R_0cum9vTNiD7qV5r,Julian,Promoter,9,Extremely dissatisfied,Yes,52306,10899
R_3CbJHQmQLTpFjmJ,Addison,Passive,8,Neither satisfied nor dissatisfied,Yes,55893,10900
R_7aOSxTob4Ugwaq1,Jayden,Passive,7,Extremely dissatisfied,Yes,97134,10901
R_bJjCDCvpxm6I7bL,Nora,Detractor,3,Extremely dissatisfied,No,58022,10902
R_cFJI3wA8A7pJLVz,Aurora,Detractor,5,Slightly satisfied,Yes,37691,10903
R_6i2SziUTGOwINEx,Riley,Passive,8,Neither satisfied nor dissatisfied,Uncertain,55132,10904
R_0lyvxmoFqS1fz6t,Levi,Passive,8,Extremely dissatisfied,Yes,97870,10905
R_eKe3WcIjxFQtinz,Wyatt,Detractor,3,Neither satisfied nor dissatisfied,Uncertain,82119,10906
R_e2veiZHoJLFXCOF,Julian,Detractor,1,Slightly dissatisfied,Uncertain,96845,10907
R_5zGmcjmo9hvwz1r,Aurora,Detractor,1,Extremely satisfied,No,75165,10908
R_br2slO1hh59VYxv,Joshua,Detractor,4,Neither satisfied nor dissatisfied,Yes,75121,10909
R_5b9NRs0CG9KjAA5,Lillian,Passive,7,Slightly satisfied,Yes,15809,10910
R_6PPgETa0EPxJ5zv,Willow,Detractor,0,Extremely satisfied,Yes,44131,10911
R_6RLG4UWTDmdS94V,Bell,Detractor,4,Extremely dissatisfied,Uncertain,48266,10912
R_6F10cswskVV9vKJ,Willow,Detractor,5,Extremely dissatisfied,Yes,74960,10913
R_0vL1TYJ1HZL5ucJ,Joshua,Promoter,10,Extremely dissatisfied,Uncertain,45861,10914
R_3Cd7pYIX8ut5KIJ,Riley,Passive,7,Slightly dissatisfied,Yes,48054,10915
R_6Dz7Ki09CjiTmn3,Stella,Passive,8,Slightly satisfied,Uncertain,15725,10916
R_5gu7P9j5WiVh88t,Zoey,Passive,8,Slightly satisfied,Yes,33612,10917
R_2rSvZm9NXTbASOh,Zoe,Detractor,3,Neither satisfied nor dissatisfied,Uncertain,75481,10918
R_8GQH8VAtNhBQtSt,Ellie,Detractor,2,Extremely dissatisfied,No,80861,10919
R_0Btr4o0o3aDmYIt,Theodore,Detractor,1,Slightly satisfied,No,61730,10920
R_e2mpvqVqd50uXT7,Mateo,Detractor,6,Extremely satisfied,Uncertain,47708,10921
R_bg8cQ1waSZvQPFb,Hudson,Promoter,10,Slightly satisfied,Yes,78281,10922
R_ezlgTa9wAXWuVMx,Nora,Detractor,2,Extremely satisfied,Yes,27411,10923
R_2aDPs1zjYTVONLL,Asher,Detractor,3,Extremely satisfied,Uncertain,27083,10924
R_daKoa5MQqVBktXD,Natalie,Detractor,5,Neither satisfied nor dissatisfied,No,13169,10925
R_3memJQ7RQIepxhX,David,Promoter,10,Slightly dissatisfied,No,30450,10926
R_a60MkDE7iV9ADFr,Natalie,Detractor,2,Slightly dissatisfied,No,34109,10927
R_3eC6xr95kRVrxR3,Grayson,Detractor,3,Extremely dissatisfied,Yes,59720,10928
R_em4sWGHKfoiykfP,Anthony,Promoter,10,Extremely dissatisfied,Yes,84741,10929
R_b41ubIUH9qQBmoR,Lily,Promoter,9,Extremely dissatisfied,Yes,65244,10930
R_aUWQi7zoF7wra17,Bell,Passive,8,Extremely dissatisfied,Yes,98638,10931
R_3QcnOEYZ4cRNgkl,Aurora,Detractor,5,Slightly satisfied,Uncertain,20338,10932
R_eSh5q8gjY7K7PAF,Christopher,Passive,7,Neither satisfied nor dissatisfied,Uncertain,46717,10933
R_eCHbclOrkYKaYD3,Riley,Detractor,2,Slightly dissatisfied,Yes,21470,10934
R_eeTFR7HM97GtSRL,Riley,Detractor,5,Slightly dissatisfied,Uncertain,87481,10935
R_a47fa12HNRL8949,Hannah,Detractor,0,Slightly satisfied,No,60044,10936
R_cAtywWi0I8Xpw2h,Aubrey,Detractor,4,Slightly satisfied,Uncertain,65627,10937
R_0MoXoak6bPBIUMB,Stella,Detractor,2,Slightly dissatisfied,Yes,22319,10938
R_0jRG9oVk3QuY8n3,Mateo,Detractor,1,Neither satisfied nor dissatisfied,Yes,17929,10939
R_72sI24qbWPD9uYJ,Everly,Detractor,2,Slightly dissatisfied,Yes,14490,10940
R_5bA5cnHtZbH6L1r,Christopher,Passive,7,Extremely satisfied,No,31300,10941
R_6RqjQ0cRq1lJ2Wp,Violet,Detractor,2,Slightly dissatisfied,No,21730,10942
R_9LBBwrn08rUA57L,Jaxon,Promoter,9,Extremely dissatisfied,Uncertain,20509,10943
R_a4ABRleIYa8n9dz,Stella,Promoter,10,Extremely dissatisfied,No,48601,10944
R_1BQnbyw9JcRKFWB,Everly,Promoter,10,Neither satisfied nor dissatisfied,No,87585,10945
R_82kqcThCYVpwiOx,Lily,Promoter,10,Neither satisfied nor dissatisfied,Uncertain,88948,10946
R_0pH8j08UPeolGTz,Riley,Detractor,0,Slightly dissatisfied,Yes,31570,10947
R_e5q40B9g9RD6eEJ,Stella,Detractor,6,Slightly dissatisfied,Uncertain,83348,10948
R_9KNTxX2Kauo4Lxr,Eleanor,Detractor,0,Slightly satisfied,Yes,42969,10949
R_cBdjCmkiwntVZwp,Eleanor,Detractor,5,Slightly satisfied,Yes,61577,10950
R_0O3RB31HLhf2HKB,Willow,Promoter,10,Neither satisfied nor dissatisfied,No,84670,10951
R_dd7AaDmXCZIoMMR,Madison,Promoter,10,Extremely dissatisfied,No,96972,10952
R_8BNFCOnyMiY7ga1,Audrey,Passive,8,Slightly dissatisfied,No,62386,10953
R_20kDFJr5nkZlAHj,Eleanor,Detractor,6,Extremely dissatisfied,Yes,63261,10954
R_5nX7TPfXwDUt2zX,Stella,Detractor,2,Slightly satisfied,Uncertain,16510,10955
R_cMGfluc8vhBqPxb,Leo,Passive,7,Slightly satisfied,No,91260,10956
R_ehUo4yr6ZWkoM73,Theodore,Detractor,0,Neither satisfied nor dissatisfied,Yes,11940,10957
R_0uKrVXItrG51TQV,Aurora,Promoter,10,Extremely satisfied,Uncertain,36586,10958
R_8xpkg4B7dc2nosB,Grace,Detractor,6,Extremely satisfied,Uncertain,19653,10959
R_etTenVk28inaK1v,Aurora,Promoter,9,Slightly satisfied,Yes,26732,10960
R_eCYMIX6jhQOXZit,Levi,Promoter,10,Extremely satisfied,Yes,16761,10961
R_a3tYyLFinxi5vVj,Ezra,Promoter,9,Slightly satisfied,Yes,39040,10962
R_80Wvmn0Y7LVVbBH,Stella,Detractor,5,Neither satisfied nor dissatisfied,Uncertain,40831,10963
R_ebnilGbzORRuBM1,Thomas,Detractor,3,Slightly dissatisfied,Yes,64018,10964
R_892sOa4T65H5e7z,Gabriel,Detractor,1,Neither satisfied nor dissatisfied,Yes,29401,10965
R_cuSnmqiOyURZJhX,Leah,Detractor,0,Extremely satisfied,Yes,37273,10966
R_1z9D45YKExuy2SF,Andrew,Passive,8,Slightly dissatisfied,No,40108,10967
R_9KnPPvGMnKMcrc1,Grace,Detractor,3,Extremely dissatisfied,Yes,56393,10968
R_8w5kJUEj2ZfpyVn,Lucy,Passive,8,Extremely dissatisfied,Uncertain,69617,10969
R_d9YXf8P2DBscQUl,Eleanor,Detractor,5,Slightly satisfied,Uncertain,62687,10970
R_cSyMbhJ2ZekDZHf,Mateo,Promoter,9,Neither satisfied nor dissatisfied,Yes,63812,10971
R_8G3L5GAOzAAwZal,Leah,Detractor,0,Neither satisfied nor dissatisfied,Yes,85352,10972
R_6JO7PSBP5JT2QUl,David,Detractor,1,Neither satisfied nor dissatisfied,Uncertain,36984,10973
R_1Il1NUUNgdAFM1v,Bell,Detractor,0,Slightly satisfied,No,75023,10974
R_3DeNuuNAcDGd2HH,Natalie,Promoter,9,Neither satisfied nor dissatisfied,No,86796,10975
R_agT0HSEMWKFSaSp,Gabriel,Promoter,9,Slightly dissatisfied,No,53208,10976
R_bmi8KmbKEJjpwb3,Lillian,Detractor,3,Extremely satisfied,No,25971,10977
R_0dHxRj02xJ8ohOR,Grace,Detractor,1,Slightly dissatisfied,No,15032,10978
R_eyOYOsT7vBe9PJb,Anthony,Detractor,6,Extremely satisfied,No,14115,10979
R_bsJQyDwHowARMxv,John,Passive,7,Extremely satisfied,No,30491,10980
R_9virIHqIdgmbr13,Aurora,Detractor,1,Extremely dissatisfied,Uncertain,94159,10981
R_6AkZaRgcKI1NZLn,Luke,Detractor,4,Extremely dissatisfied,Uncertain,68965,10982
R_afqnhotmRQlXN89,Lincoln,Promoter,9,Extremely dissatisfied,Uncertain,96984,10983
R_5yTXkn9XwbJWIK1,Madison,Detractor,1,Slightly satisfied,No,25678,10984
R_29ahjByfluuexoN,Nora,Passive,8,Slightly dissatisfied,Yes,73136,10985
R_e979DtEgJWdJIod,Lily,Passive,7,Slightly satisfied,Yes,40532,10986
R_6zXlW3LJ7DwClmt,Dylan,Detractor,3,Neither satisfied nor dissatisfied,No,42971,10987
R_8cqZlGlnYBWGmih,Joshua,Detractor,6,Extremely dissatisfied,Uncertain,56520,10988
R_dijsvW3CmkomaJn,Stella,Detractor,1,Slightly satisfied,Yes,42363,10989
R_2nQvag2P0yx0Xbf,Eleanor,Passive,8,Neither satisfied nor dissatisfied,Yes,34421,10990
R_bJAU52pmHRtfIUZ,Hudson,Passive,7,Slightly dissatisfied,Yes,47869,10991
R_8ChMG62lpEAWFh3,Mateo,Detractor,3,Slightly satisfied,No,84216,10992
R_6Vaedrlx4zOfPql,Willow,Passive,8,Extremely satisfied,Yes,42172,10993
R_dcAnClPa6gPVwr3,Asher,Promoter,10,Extremely dissatisfied,No,57543,10994
R_02LxooRYY9f31SB,Violet,Detractor,0,Slightly satisfied,Uncertain,82972,10995
R_8IE8Y9LeABMS9pj,Lucy,Detractor,3,Extremely dissatisfied,Uncertain,88748,10996
R_5zlP8K4rY2gnh4N,Hudson,Detractor,3,Slightly dissatisfied,Uncertain,76886,10997
R_87IDgOVGOgDaaWx,Hudson,Detractor,0,Extremely satisfied,Uncertain,38869,10998
R_23HqmdP20GT1Gtv,Thomas,Detractor,2,Extremely dissatisfied,Yes,89572,10999
R_0Asp3J5dPpiusG9,Aubrey,Detractor,5,Neither satisfied nor dissatisfied,No,95537,11000